date,county,daily_cases,cumulative_cases,daily_deaths,cumulative_deaths
2020-03-06,Ramsey,1,1,0,0
2020-03-08,Carver,1,1,0,0
2020-03-10,Anoka,1,1,0,0
2020-03-11,Olmsted,1,1,0,0
2020-03-11,Ramsey,1,2,0,0
2020-03-12,Dakota,1,1,0,0
2020-03-12,Hennepin,1,1,0,0
2020-03-12,Ramsey,1,3,0,0
2020-03-12,Stearns,1,1,0,0
2020-03-13,Anoka,1,2,0,0
2020-03-13,Hennepin,2,3,0,0
2020-03-13,Stearns,1,2,0,0
2020-03-13,Wright,1,1,0,0
2020-03-14,Dakota,1,2,0,0
2020-03-14,Hennepin,3,6,0,0
2020-03-14,Ramsey,1,4,0,0
2020-03-14,Renville,1,1,0,0
2020-03-14,Stearns,1,3,0,0
2020-03-15,Dakota,1,3,0,0
2020-03-15,Hennepin,6,12,0,0
2020-03-15,Olmsted,1,2,0,0
2020-03-15,Ramsey,4,8,0,0
2020-03-15,Waseca,1,1,0,0
2020-03-15,Washington,1,1,0,0
2020-03-16,Anoka,1,3,0,0
2020-03-16,Benton,1,1,0,0
2020-03-16,Blue Earth,1,1,0,0
2020-03-16,Dakota,2,5,0,0
2020-03-16,Hennepin,10,22,0,0
2020-03-16,Olmsted,1,3,0,0
2020-03-16,Ramsey,2,10,0,0
2020-03-16,Washington,1,2,0,0
2020-03-17,Dakota,1,6,0,0
2020-03-17,Hennepin,2,24,0,0
2020-03-17,Olmsted,2,5,0,0
2020-03-17,Ramsey,1,11,0,0
2020-03-18,Blue Earth,1,2,0,0
2020-03-18,Carver,1,2,0,0
2020-03-18,Dakota,1,7,0,0
2020-03-18,Hennepin,5,29,0,0
2020-03-18,Martin,2,2,0,0
2020-03-18,Nicollet,2,2,0,0
2020-03-18,Olmsted,1,6,0,0
2020-03-18,Ramsey,1,12,0,0
2020-03-18,Scott,1,1,0,0
2020-03-18,Washington,1,3,0,0
2020-03-18,Wright,1,2,0,0
2020-03-19,Anoka,2,5,0,0
2020-03-19,Carver,1,3,0,0
2020-03-19,Clay,1,1,0,0
2020-03-19,Hennepin,4,33,0,0
2020-03-19,Martin,1,3,0,0
2020-03-19,Mower,1,1,0,0
2020-03-19,Rice,1,1,0,0
2020-03-19,Stearns,1,4,0,0
2020-03-20,Chisago,1,1,0,0
2020-03-20,Fillmore,2,2,0,0
2020-03-20,Hennepin,12,45,0,0
2020-03-20,Martin,1,4,0,0
2020-03-20,Olmsted,5,11,0,0
2020-03-20,Ramsey,4,16,0,0
2020-03-20,Scott,1,2,0,0
2020-03-21,Blue Earth,1,3,0,0
2020-03-21,Dodge,1,1,0,0
2020-03-21,Hennepin,7,52,0,0
2020-03-21,Jackson,1,1,0,0
2020-03-21,Martin,1,5,0,0
2020-03-21,Mower,2,3,0,0
2020-03-21,Nicollet,1,3,0,0
2020-03-21,Olmsted,1,12,0,0
2020-03-21,Ramsey,1,17,1,1
2020-03-21,Steele,2,2,0,0
2020-03-21,St. Louis,1,1,0,0
2020-03-21,Wabasha,1,1,0,0
2020-03-21,Washington,1,4,0,0
2020-03-21,Wright,1,3,0,0
2020-03-22,Blue Earth,1,4,0,0
2020-03-22,Carver,4,7,0,0
2020-03-22,Cass,1,1,0,0
2020-03-22,Clay,1,2,0,0
2020-03-22,Dakota,4,11,0,0
2020-03-22,Dodge,1,2,0,0
2020-03-22,Hennepin,5,57,0,0
2020-03-22,Le Sueur,1,1,0,0
2020-03-22,Martin,3,8,0,0
2020-03-22,Mower,3,6,0,0
2020-03-22,Olmsted,2,14,0,0
2020-03-22,Ramsey,1,18,0,0
2020-03-22,Scott,1,3,0,0
2020-03-22,Steele,1,3,0,0
2020-03-22,Washington,3,7,0,0
2020-03-23,Anoka,2,7,0,0
2020-03-23,Big Stone,1,1,0,0
2020-03-23,Blue Earth,1,5,0,0
2020-03-23,Carver,1,8,0,0
2020-03-23,Chisago,1,2,0,0
2020-03-23,Dakota,7,18,0,0
2020-03-23,Fillmore,1,3,0,0
2020-03-23,Hennepin,32,89,0,0
2020-03-23,Lac qui Parle,1,1,0,0
2020-03-23,Olmsted,2,16,0,0
2020-03-23,Ramsey,6,24,0,0
2020-03-23,Rice,1,2,0,0
2020-03-23,Scott,2,5,0,0
2020-03-23,Sherburne,1,1,0,0
2020-03-23,Stearns,1,5,0,0
2020-03-23,Steele,2,5,0,0
2020-03-23,St. Louis,1,2,0,0
2020-03-23,Washington,3,10,0,0
2020-03-24,Clay,1,3,0,0
2020-03-24,Dakota,3,21,0,0
2020-03-24,Dodge,1,3,0,0
2020-03-24,Hennepin,14,103,0,0
2020-03-24,Le Sueur,4,5,0,0
2020-03-24,Olmsted,2,18,0,0
2020-03-24,Ramsey,2,26,0,0
2020-03-25,Anoka,0,7,0,0
2020-03-25,Benton,0,1,0,0
2020-03-25,Big Stone,0,1,0,0
2020-03-25,Blue Earth,0,5,0,0
2020-03-25,Carver,0,8,0,0
2020-03-25,Cass,0,1,0,0
2020-03-25,Chisago,0,2,0,0
2020-03-25,Clay,0,3,0,0
2020-03-25,Dakota,0,21,0,0
2020-03-25,Dodge,0,3,0,0
2020-03-25,Fillmore,0,3,0,0
2020-03-25,Goodhue,1,1,0,0
2020-03-25,Hennepin,8,111,0,0
2020-03-25,Jackson,0,1,0,0
2020-03-25,Lac qui Parle,0,1,0,0
2020-03-25,Le Sueur,1,6,0,0
2020-03-25,Martin,2,10,0,0
2020-03-25,Mower,0,6,0,0
2020-03-25,Nicollet,0,3,0,0
2020-03-25,Olmsted,3,21,0,0
2020-03-25,Ramsey,1,27,0,0
2020-03-25,Renville,0,1,0,0
2020-03-25,Rice,0,2,0,0
2020-03-25,Scott,1,6,0,0
2020-03-25,Sherburne,0,1,0,0
2020-03-25,Stearns,0,5,0,0
2020-03-25,Steele,0,5,0,0
2020-03-25,St. Louis,1,3,0,0
2020-03-25,Wabasha,2,3,0,0
2020-03-25,Waseca,0,1,0,0
2020-03-25,Washington,3,13,0,0
2020-03-25,Winona,2,2,0,0
2020-03-25,Wright,0,3,0,0
2020-03-26,Anoka,1,8,0,0
2020-03-26,Benton,0,1,0,0
2020-03-26,Big Stone,0,1,0,0
2020-03-26,Blue Earth,1,6,0,0
2020-03-26,Carver,0,8,0,0
2020-03-26,Cass,0,1,0,0
2020-03-26,Chisago,0,2,0,0
2020-03-26,Clay,1,4,0,0
2020-03-26,Dakota,4,25,0,0
2020-03-26,Dodge,2,5,0,0
2020-03-26,Fillmore,0,3,0,0
2020-03-26,Goodhue,0,1,0,0
2020-03-26,Hennepin,17,128,0,0
2020-03-26,Jackson,0,1,0,0
2020-03-26,Kandiyohi,1,1,0,0
2020-03-26,Lac qui Parle,0,1,0,0
2020-03-26,Le Sueur,0,6,0,0
2020-03-26,Mahnomen,1,1,0,0
2020-03-26,Martin,2,12,0,0
2020-03-26,Mower,4,10,0,0
2020-03-26,Nicollet,0,3,0,0
2020-03-26,Olmsted,8,29,0,0
2020-03-26,Ramsey,5,32,1,2
2020-03-26,Renville,0,1,0,0
2020-03-26,Rice,0,2,0,0
2020-03-26,Scott,0,6,0,0
2020-03-26,Sherburne,0,1,0,0
2020-03-26,Sibley,1,1,0,0
2020-03-26,Stearns,0,5,0,0
2020-03-26,Steele,0,5,0,0
2020-03-26,St. Louis,2,5,0,0
2020-03-26,Wabasha,1,4,0,0
2020-03-26,Waseca,1,2,0,0
2020-03-26,Washington,2,15,0,0
2020-03-26,Wilkin,1,1,0,0
2020-03-26,Winona,2,4,0,0
2020-03-26,Wright,2,5,0,0
2020-03-27,Anoka,2,10,0,0
2020-03-27,Beltrami,1,1,0,0
2020-03-27,Benton,0,1,0,0
2020-03-27,Big Stone,0,1,0,0
2020-03-27,Blue Earth,1,7,0,0
2020-03-27,Carver,0,8,0,0
2020-03-27,Cass,0,1,0,0
2020-03-27,Chisago,0,2,0,0
2020-03-27,Clay,0,4,0,0
2020-03-27,Dakota,3,28,0,0
2020-03-27,Dodge,0,5,0,0
2020-03-27,Faribault,1,1,0,0
2020-03-27,Fillmore,0,3,0,0
2020-03-27,Goodhue,1,2,0,0
2020-03-27,Hennepin,13,141,1,1
2020-03-27,Jackson,0,1,0,0
2020-03-27,Kandiyohi,0,1,0,0
2020-03-27,Lac qui Parle,0,1,0,0
2020-03-27,Le Sueur,4,10,0,0
2020-03-27,Lincoln,1,1,0,0
2020-03-27,Mahnomen,0,1,0,0
2020-03-27,Martin,6,18,1,1
2020-03-27,Mower,0,10,0,0
2020-03-27,Nicollet,0,3,0,0
2020-03-27,Olmsted,5,34,0,0
2020-03-27,Ramsey,2,34,0,2
2020-03-27,Renville,0,1,0,0
2020-03-27,Rice,0,2,0,0
2020-03-27,Scott,1,7,0,0
2020-03-27,Sherburne,2,3,0,0
2020-03-27,Sibley,0,1,0,0
2020-03-27,Stearns,0,5,0,0
2020-03-27,Steele,0,5,0,0
2020-03-27,St. Louis,0,5,0,0
2020-03-27,Wabasha,0,4,0,0
2020-03-27,Waseca,1,3,0,0
2020-03-27,Washington,7,22,0,0
2020-03-27,Wilkin,0,1,0,0
2020-03-27,Winona,0,4,0,0
2020-03-27,Wright,0,5,0,0
2020-03-28,Anoka,2,12,0,0
2020-03-28,Beltrami,1,2,0,0
2020-03-28,Benton,0,1,0,0
2020-03-28,Big Stone,0,1,0,0
2020-03-28,Blue Earth,0,7,0,0
2020-03-28,Carver,1,9,0,0
2020-03-28,Cass,0,1,0,0
2020-03-28,Chisago,-1,1,0,0
2020-03-28,Clay,0,4,0,0
2020-03-28,Clearwater,1,1,0,0
2020-03-28,Dakota,5,33,0,0
2020-03-28,Dodge,1,6,0,0
2020-03-28,Faribault,0,1,0,0
2020-03-28,Fillmore,2,5,0,0
2020-03-28,Goodhue,0,2,0,0
2020-03-28,Hennepin,11,152,1,2
2020-03-28,Jackson,0,1,0,0
2020-03-28,Kandiyohi,0,1,0,0
2020-03-28,Lac qui Parle,0,1,0,0
2020-03-28,Le Sueur,1,11,0,0
2020-03-28,Lincoln,0,1,0,0
2020-03-28,Mahnomen,0,1,0,0
2020-03-28,Martin,1,19,0,1
2020-03-28,Mower,1,11,0,0
2020-03-28,Nicollet,0,3,0,0
2020-03-28,Olmsted,3,37,0,0
2020-03-28,Ramsey,8,42,0,2
2020-03-28,Renville,0,1,0,0
2020-03-28,Rice,1,3,0,0
2020-03-28,Scott,1,8,0,0
2020-03-28,Sherburne,2,5,0,0
2020-03-28,Sibley,0,1,0,0
2020-03-28,Stearns,0,5,0,0
2020-03-28,Steele,0,5,0,0
2020-03-28,St. Louis,0,5,0,0
2020-03-28,Wabasha,0,4,0,0
2020-03-28,Waseca,0,3,0,0
2020-03-28,Washington,3,25,0,0
2020-03-28,Wilkin,0,1,0,0
2020-03-28,Winona,0,4,0,0
2020-03-28,Wright,0,5,0,0
2020-03-29,Anoka,5,17,0,0
2020-03-29,Beltrami,0,2,0,0
2020-03-29,Benton,0,1,0,0
2020-03-29,Big Stone,0,1,0,0
2020-03-29,Blue Earth,1,8,0,0
2020-03-29,Carver,0,9,0,0
2020-03-29,Cass,0,1,0,0
2020-03-29,Chisago,0,1,0,0
2020-03-29,Clay,0,4,0,0
2020-03-29,Clearwater,0,1,0,0
2020-03-29,Cottonwood,1,1,0,0
2020-03-29,Dakota,6,39,0,0
2020-03-29,Dodge,1,7,0,0
2020-03-29,Douglas,1,1,0,0
2020-03-29,Faribault,0,1,0,0
2020-03-29,Fillmore,1,6,0,0
2020-03-29,Goodhue,0,2,0,0
2020-03-29,Hennepin,19,171,3,5
2020-03-29,Isanti,1,1,0,0
2020-03-29,Jackson,0,1,0,0
2020-03-29,Kandiyohi,0,1,0,0
2020-03-29,Lac qui Parle,0,1,0,0
2020-03-29,Le Sueur,0,11,0,0
2020-03-29,Lincoln,0,1,0,0
2020-03-29,Mahnomen,0,1,0,0
2020-03-29,Martin,2,21,1,2
2020-03-29,Mower,0,11,0,0
2020-03-29,Nicollet,0,3,0,0
2020-03-29,Olmsted,10,47,0,0
2020-03-29,Otter Tail,1,1,0,0
2020-03-29,Ramsey,4,46,0,2
2020-03-29,Renville,0,1,0,0
2020-03-29,Rice,0,3,0,0
2020-03-29,Scott,1,9,0,0
2020-03-29,Sherburne,0,5,0,0
2020-03-29,Sibley,0,1,0,0
2020-03-29,Stearns,0,5,0,0
2020-03-29,Steele,0,5,0,0
2020-03-29,St. Louis,5,10,0,0
2020-03-29,Wabasha,0,4,0,0
2020-03-29,Waseca,0,3,0,0
2020-03-29,Washington,2,27,0,0
2020-03-29,Wilkin,0,1,0,0
2020-03-29,Winona,0,4,0,0
2020-03-29,Wright,1,6,0,0
2020-03-30,Anoka,5,22,0,0
2020-03-30,Beltrami,1,3,0,0
2020-03-30,Benton,0,1,0,0
2020-03-30,Big Stone,0,1,0,0
2020-03-30,Blue Earth,1,9,0,0
2020-03-30,Carver,1,10,0,0
2020-03-30,Cass,0,1,0,0
2020-03-30,Chisago,2,3,0,0
2020-03-30,Clay,0,4,0,0
2020-03-30,Clearwater,1,2,0,0
2020-03-30,Cottonwood,0,1,0,0
2020-03-30,Dakota,7,46,0,0
2020-03-30,Dodge,1,8,0,0
2020-03-30,Douglas,0,1,0,0
2020-03-30,Faribault,0,1,0,0
2020-03-30,Fillmore,1,7,0,0
2020-03-30,Goodhue,1,3,0,0
2020-03-30,Hennepin,19,190,1,6
2020-03-30,Isanti,1,2,0,0
2020-03-30,Itasca,1,1,0,0
2020-03-30,Jackson,0,1,0,0
2020-03-30,Kandiyohi,0,1,0,0
2020-03-30,Lac qui Parle,0,1,0,0
2020-03-30,Le Sueur,2,13,0,0
2020-03-30,Lincoln,0,1,0,0
2020-03-30,Mahnomen,0,1,0,0
2020-03-30,Martin,2,23,0,2
2020-03-30,Meeker,1,1,0,0
2020-03-30,Mower,1,12,0,0
2020-03-30,Nicollet,0,3,0,0
2020-03-30,Olmsted,4,51,0,0
2020-03-30,Otter Tail,0,1,0,0
2020-03-30,Ramsey,4,50,0,2
2020-03-30,Renville,0,1,0,0
2020-03-30,Rice,0,3,0,0
2020-03-30,Scott,1,10,0,0
2020-03-30,Sherburne,2,7,0,0
2020-03-30,Sibley,0,1,0,0
2020-03-30,Stearns,0,5,0,0
2020-03-30,Steele,1,6,0,0
2020-03-30,St. Louis,2,12,0,0
2020-03-30,Wabasha,2,6,0,0
2020-03-30,Waseca,0,3,0,0
2020-03-30,Washington,7,34,0,0
2020-03-30,Watonwan,1,1,0,0
2020-03-30,Wilkin,0,1,0,0
2020-03-30,Winona,1,5,0,0
2020-03-30,Wright,0,6,0,0
2020-03-31,Anoka,1,23,0,0
2020-03-31,Beltrami,1,4,0,0
2020-03-31,Benton,0,1,0,0
2020-03-31,Big Stone,0,1,0,0
2020-03-31,Blue Earth,0,9,0,0
2020-03-31,Brown,2,2,0,0
2020-03-31,Carlton,1,1,0,0
2020-03-31,Carver,0,10,0,0
2020-03-31,Cass,0,1,0,0
2020-03-31,Chisago,0,3,0,0
2020-03-31,Clay,2,6,0,0
2020-03-31,Clearwater,0,2,0,0
2020-03-31,Cottonwood,1,2,0,0
2020-03-31,Dakota,1,47,0,0
2020-03-31,Dodge,0,8,0,0
2020-03-31,Douglas,0,1,0,0
2020-03-31,Faribault,1,2,0,0
2020-03-31,Fillmore,1,8,0,0
2020-03-31,Goodhue,0,3,0,0
2020-03-31,Hennepin,14,204,2,8
2020-03-31,Isanti,0,2,0,0
2020-03-31,Itasca,0,1,0,0
2020-03-31,Jackson,0,1,0,0
2020-03-31,Kandiyohi,1,2,0,0
2020-03-31,Lac qui Parle,0,1,0,0
2020-03-31,Le Sueur,2,15,0,0
2020-03-31,Lincoln,0,1,0,0
2020-03-31,Lyon,1,1,0,0
2020-03-31,Mahnomen,0,1,0,0
2020-03-31,Martin,2,25,0,2
2020-03-31,Meeker,0,1,0,0
2020-03-31,Mower,1,13,0,0
2020-03-31,Nicollet,0,3,0,0
2020-03-31,Olmsted,2,53,0,0
2020-03-31,Otter Tail,0,1,0,0
2020-03-31,Ramsey,6,56,0,2
2020-03-31,Renville,0,1,0,0
2020-03-31,Rice,0,3,0,0
2020-03-31,Scott,0,10,0,0
2020-03-31,Sherburne,1,8,0,0
2020-03-31,Sibley,0,1,0,0
2020-03-31,Stearns,0,5,0,0
2020-03-31,Steele,0,6,0,0
2020-03-31,St. Louis,0,12,0,0
2020-03-31,Traverse,2,2,0,0
2020-03-31,Wabasha,0,6,0,0
2020-03-31,Waseca,0,3,0,0
2020-03-31,Washington,5,39,0,0
2020-03-31,Watonwan,0,1,0,0
2020-03-31,Wilkin,0,1,0,0
2020-03-31,Winona,5,10,0,0
2020-03-31,Wright,0,6,0,0
2020-04-01,Anoka,3,26,0,0
2020-04-01,Beltrami,0,4,0,0
2020-04-01,Benton,0,1,0,0
2020-04-01,Big Stone,0,1,0,0
2020-04-01,Blue Earth,0,9,0,0
2020-04-01,Brown,0,2,0,0
2020-04-01,Carlton,1,2,0,0
2020-04-01,Carver,0,10,0,0
2020-04-01,Cass,0,1,0,0
2020-04-01,Chisago,0,3,0,0
2020-04-01,Clay,1,7,0,0
2020-04-01,Clearwater,0,2,0,0
2020-04-01,Cottonwood,1,3,0,0
2020-04-01,Crow Wing,1,1,0,0
2020-04-01,Dakota,1,48,1,1
2020-04-01,Dodge,2,10,0,0
2020-04-01,Douglas,0,1,0,0
2020-04-01,Faribault,0,2,0,0
2020-04-01,Fillmore,0,8,0,0
2020-04-01,Freeborn,2,2,0,0
2020-04-01,Goodhue,1,4,0,0
2020-04-01,Hennepin,14,218,2,10
2020-04-01,Isanti,0,2,0,0
2020-04-01,Itasca,0,1,0,0
2020-04-01,Jackson,0,1,0,0
2020-04-01,Kandiyohi,0,2,0,0
2020-04-01,Lac qui Parle,0,1,0,0
2020-04-01,Le Sueur,0,15,0,0
2020-04-01,Lincoln,0,1,0,0
2020-04-01,Lyon,1,2,0,0
2020-04-01,Mahnomen,0,1,0,0
2020-04-01,Martin,4,29,1,3
2020-04-01,Meeker,0,1,0,0
2020-04-01,Mower,1,14,0,0
2020-04-01,Nicollet,0,3,0,0
2020-04-01,Olmsted,8,61,0,0
2020-04-01,Otter Tail,0,1,0,0
2020-04-01,Ramsey,10,66,0,2
2020-04-01,Renville,0,1,0,0
2020-04-01,Rice,1,4,0,0
2020-04-01,Scott,0,10,0,0
2020-04-01,Sherburne,0,8,0,0
2020-04-01,Sibley,0,1,0,0
2020-04-01,Stearns,0,5,0,0
2020-04-01,Steele,0,6,0,0
2020-04-01,St. Louis,1,13,0,0
2020-04-01,Traverse,0,2,0,0
2020-04-01,Wabasha,0,6,0,0
2020-04-01,Waseca,0,3,0,0
2020-04-01,Washington,5,44,0,0
2020-04-01,Watonwan,1,2,0,0
2020-04-01,Wilkin,0,1,0,0
2020-04-01,Winona,0,10,1,1
2020-04-01,Wright,0,6,0,0
2020-04-01,Yellow Medicine,1,1,0,0
2020-04-02,Anoka,4,30,0,0
2020-04-02,Beltrami,0,4,0,0
2020-04-02,Benton,0,1,0,0
2020-04-02,Big Stone,0,1,0,0
2020-04-02,Blue Earth,1,10,0,0
2020-04-02,Brown,0,2,0,0
2020-04-02,Carlton,1,3,0,0
2020-04-02,Carver,0,10,0,0
2020-04-02,Cass,0,1,0,0
2020-04-02,Chisago,0,3,0,0
2020-04-02,Clay,1,8,0,0
2020-04-02,Clearwater,0,2,0,0
2020-04-02,Cottonwood,2,5,0,0
2020-04-02,Crow Wing,1,2,0,0
2020-04-02,Dakota,4,52,0,1
2020-04-02,Dodge,0,10,0,0
2020-04-02,Douglas,0,1,0,0
2020-04-02,Faribault,0,2,0,0
2020-04-02,Fillmore,1,9,0,0
2020-04-02,Freeborn,3,5,0,0
2020-04-02,Goodhue,0,4,0,0
2020-04-02,Hennepin,17,235,1,11
2020-04-02,Isanti,0,2,0,0
2020-04-02,Itasca,1,2,0,0
2020-04-02,Jackson,0,1,0,0
2020-04-02,Kandiyohi,0,2,0,0
2020-04-02,Koochiching,1,1,0,0
2020-04-02,Lac qui Parle,0,1,0,0
2020-04-02,Le Sueur,3,18,0,0
2020-04-02,Lincoln,0,1,0,0
2020-04-02,Lyon,1,3,0,0
2020-04-02,Mahnomen,0,1,0,0
2020-04-02,Martin,0,29,0,3
2020-04-02,Meeker,0,1,0,0
2020-04-02,Mower,1,15,0,0
2020-04-02,Nicollet,0,3,0,0
2020-04-02,Olmsted,5,66,0,0
2020-04-02,Otter Tail,0,1,0,0
2020-04-02,Ramsey,1,67,0,2
2020-04-02,Renville,1,2,0,0
2020-04-02,Rice,-1,3,0,0
2020-04-02,Scott,0,10,0,0
2020-04-02,Sherburne,0,8,0,0
2020-04-02,Sibley,0,1,0,0
2020-04-02,Stearns,0,5,0,0
2020-04-02,Steele,0,6,0,0
2020-04-02,St. Louis,0,13,0,0
2020-04-02,Traverse,0,2,0,0
2020-04-02,Wabasha,0,6,0,0
2020-04-02,Waseca,0,3,0,0
2020-04-02,Washington,2,46,0,0
2020-04-02,Watonwan,1,3,0,0
2020-04-02,Wilkin,0,1,0,0
2020-04-02,Winona,1,11,0,1
2020-04-02,Wright,1,7,0,0
2020-04-02,Yellow Medicine,0,1,0,0
2020-04-03,Anoka,4,34,0,0
2020-04-03,Beltrami,0,4,0,0
2020-04-03,Benton,0,1,0,0
2020-04-03,Big Stone,0,1,0,0
2020-04-03,Blue Earth,0,10,0,0
2020-04-03,Brown,0,2,0,0
2020-04-03,Carlton,2,5,0,0
2020-04-03,Carver,0,10,0,0
2020-04-03,Cass,0,1,0,0
2020-04-03,Chisago,1,4,1,1
2020-04-03,Clay,0,8,0,0
2020-04-03,Clearwater,0,2,0,0
2020-04-03,Cottonwood,0,5,0,0
2020-04-03,Crow Wing,1,3,0,0
2020-04-03,Dakota,2,54,0,1
2020-04-03,Dodge,0,10,0,0
2020-04-03,Douglas,0,1,0,0
2020-04-03,Faribault,1,3,0,0
2020-04-03,Fillmore,0,9,0,0
2020-04-03,Freeborn,2,7,0,0
2020-04-03,Goodhue,1,5,0,0
2020-04-03,Hennepin,7,242,1,12
2020-04-03,Isanti,0,2,0,0
2020-04-03,Itasca,0,2,0,0
2020-04-03,Jackson,0,1,0,0
2020-04-03,Kandiyohi,0,2,0,0
2020-04-03,Koochiching,0,1,0,0
2020-04-03,Lac qui Parle,0,1,0,0
2020-04-03,Le Sueur,1,19,0,0
2020-04-03,Lincoln,0,1,0,0
2020-04-03,Lyon,0,3,0,0
2020-04-03,Mahnomen,0,1,0,0
2020-04-03,Martin,3,32,0,3
2020-04-03,Meeker,0,1,0,0
2020-04-03,Mower,0,15,0,0
2020-04-03,Nicollet,0,3,0,0
2020-04-03,Olmsted,10,76,1,1
2020-04-03,Otter Tail,0,1,0,0
2020-04-03,Ramsey,4,71,0,2
2020-04-03,Renville,0,2,0,0
2020-04-03,Rice,0,3,0,0
2020-04-03,Scott,1,11,1,1
2020-04-03,Sherburne,0,8,0,0
2020-04-03,Sibley,0,1,0,0
2020-04-03,Stearns,0,5,0,0
2020-04-03,Steele,0,6,0,0
2020-04-03,St. Louis,0,13,0,0
2020-04-03,Traverse,0,2,0,0
2020-04-03,Wabasha,0,6,0,0
2020-04-03,Waseca,0,3,0,0
2020-04-03,Washington,5,51,0,0
2020-04-03,Watonwan,0,3,0,0
2020-04-03,Wilkin,1,2,0,0
2020-04-03,Winona,0,11,0,1
2020-04-03,Wright,0,7,0,0
2020-04-03,Yellow Medicine,0,1,0,0
2020-04-04,Anoka,2,36,0,0
2020-04-04,Beltrami,1,5,0,0
2020-04-04,Benton,0,1,0,0
2020-04-04,Big Stone,0,1,0,0
2020-04-04,Blue Earth,4,14,0,0
2020-04-04,Brown,1,3,0,0
2020-04-04,Carlton,3,8,0,0
2020-04-04,Carver,0,10,0,0
2020-04-04,Cass,0,1,0,0
2020-04-04,Chisago,0,4,0,1
2020-04-04,Clay,5,13,0,0
2020-04-04,Clearwater,0,2,0,0
2020-04-04,Cottonwood,0,5,0,0
2020-04-04,Crow Wing,2,5,0,0
2020-04-04,Dakota,2,56,0,1
2020-04-04,Dodge,0,10,0,0
2020-04-04,Douglas,0,1,0,0
2020-04-04,Faribault,0,3,0,0
2020-04-04,Fillmore,0,9,0,0
2020-04-04,Freeborn,3,10,0,0
2020-04-04,Goodhue,3,8,0,0
2020-04-04,Hennepin,10,252,0,12
2020-04-04,Isanti,1,3,0,0
2020-04-04,Itasca,0,2,0,0
2020-04-04,Jackson,0,1,0,0
2020-04-04,Kandiyohi,0,2,0,0
2020-04-04,Koochiching,0,1,0,0
2020-04-04,Lac qui Parle,0,1,0,0
2020-04-04,Le Sueur,1,20,0,0
2020-04-04,Lincoln,0,1,0,0
2020-04-04,Lyon,0,3,0,0
2020-04-04,Mahnomen,0,1,0,0
2020-04-04,Martin,0,32,1,4
2020-04-04,McLeod,1,1,0,0
2020-04-04,Meeker,0,1,0,0
2020-04-04,Mower,2,17,0,0
2020-04-04,Nicollet,1,4,0,0
2020-04-04,Olmsted,12,88,0,1
2020-04-04,Otter Tail,0,1,0,0
2020-04-04,Polk,1,1,0,0
2020-04-04,Ramsey,8,79,0,2
2020-04-04,Renville,0,2,0,0
2020-04-04,Rice,1,4,0,0
2020-04-04,Scott,1,12,0,1
2020-04-04,Sherburne,1,9,0,0
2020-04-04,Sibley,0,1,0,0
2020-04-04,Stearns,1,6,0,0
2020-04-04,Steele,2,8,0,0
2020-04-04,St. Louis,0,13,0,0
2020-04-04,Traverse,0,2,0,0
2020-04-04,Wabasha,0,6,0,0
2020-04-04,Waseca,0,3,0,0
2020-04-04,Washington,3,54,0,0
2020-04-04,Watonwan,0,3,0,0
2020-04-04,Wilkin,0,2,0,0
2020-04-04,Winona,2,13,1,2
2020-04-04,Wright,1,8,0,0
2020-04-04,Yellow Medicine,0,1,0,0
2020-04-05,Anoka,0,36,0,0
2020-04-05,Beltrami,1,6,0,0
2020-04-05,Benton,0,1,0,0
2020-04-05,Big Stone,0,1,0,0
2020-04-05,Blue Earth,1,15,0,0
2020-04-05,Brown,0,3,0,0
2020-04-05,Carlton,0,8,0,0
2020-04-05,Carver,0,10,0,0
2020-04-05,Cass,0,1,0,0
2020-04-05,Chisago,0,4,0,1
2020-04-05,Clay,0,13,0,0
2020-04-05,Clearwater,0,2,0,0
2020-04-05,Cottonwood,0,5,0,0
2020-04-05,Crow Wing,1,6,0,0
2020-04-05,Dakota,7,63,1,2
2020-04-05,Dodge,0,10,0,0
2020-04-05,Douglas,0,1,0,0
2020-04-05,Faribault,0,3,0,0
2020-04-05,Fillmore,1,10,0,0
2020-04-05,Freeborn,0,10,0,0
2020-04-05,Goodhue,2,10,0,0
2020-04-05,Hennepin,15,267,2,14
2020-04-05,Houston,1,1,0,0
2020-04-05,Isanti,1,4,0,0
2020-04-05,Itasca,0,2,0,0
2020-04-05,Jackson,0,1,0,0
2020-04-05,Kandiyohi,0,2,0,0
2020-04-05,Koochiching,0,1,0,0
2020-04-05,Lac qui Parle,0,1,0,0
2020-04-05,Le Sueur,0,20,0,0
2020-04-05,Lincoln,0,1,0,0
2020-04-05,Lyon,0,3,0,0
2020-04-05,Mahnomen,0,1,0,0
2020-04-05,Martin,0,32,0,4
2020-04-05,McLeod,0,1,0,0
2020-04-05,Meeker,0,1,0,0
2020-04-05,Mower,0,17,0,0
2020-04-05,Nicollet,0,4,0,0
2020-04-05,Olmsted,7,95,1,2
2020-04-05,Otter Tail,0,1,0,0
2020-04-05,Pipestone,1,1,0,0
2020-04-05,Polk,0,1,0,0
2020-04-05,Ramsey,12,91,0,2
2020-04-05,Renville,0,2,0,0
2020-04-05,Rice,0,4,0,0
2020-04-05,Scott,1,13,0,1
2020-04-05,Sherburne,1,10,0,0
2020-04-05,Sibley,0,1,0,0
2020-04-05,Stearns,0,6,0,0
2020-04-05,Steele,0,8,0,0
2020-04-05,St. Louis,2,15,0,0
2020-04-05,Traverse,0,2,0,0
2020-04-05,Wabasha,0,6,0,0
2020-04-05,Waseca,0,3,0,0
2020-04-05,Washington,8,62,1,1
2020-04-05,Watonwan,1,4,0,0
2020-04-05,Wilkin,0,2,0,0
2020-04-05,Winona,1,14,0,2
2020-04-05,Wright,1,9,0,0
2020-04-05,Yellow Medicine,0,1,0,0
2020-04-06,Anoka,4,40,0,0
2020-04-06,Beltrami,0,6,0,0
2020-04-06,Benton,0,1,0,0
2020-04-06,Big Stone,0,1,0,0
2020-04-06,Blue Earth,1,16,0,0
2020-04-06,Brown,2,5,0,0
2020-04-06,Carlton,2,10,0,0
2020-04-06,Carver,0,10,0,0
2020-04-06,Cass,0,1,0,0
2020-04-06,Chisago,1,5,0,1
2020-04-06,Clay,6,19,0,0
2020-04-06,Clearwater,0,2,0,0
2020-04-06,Cottonwood,0,5,0,0
2020-04-06,Crow Wing,0,6,0,0
2020-04-06,Dakota,4,67,0,2
2020-04-06,Dodge,0,10,0,0
2020-04-06,Douglas,0,1,0,0
2020-04-06,Faribault,0,3,0,0
2020-04-06,Fillmore,0,10,0,0
2020-04-06,Freeborn,1,11,0,0
2020-04-06,Goodhue,0,10,0,0
2020-04-06,Hennepin,13,280,0,14
2020-04-06,Houston,0,1,0,0
2020-04-06,Isanti,0,4,0,0
2020-04-06,Itasca,0,2,0,0
2020-04-06,Jackson,0,1,0,0
2020-04-06,Kandiyohi,0,2,0,0
2020-04-06,Koochiching,0,1,0,0
2020-04-06,Lac qui Parle,0,1,0,0
2020-04-06,Le Sueur,0,20,0,0
2020-04-06,Lincoln,1,2,0,0
2020-04-06,Lyon,1,4,0,0
2020-04-06,Mahnomen,0,1,0,0
2020-04-06,Martin,1,33,0,4
2020-04-06,McLeod,0,1,0,0
2020-04-06,Meeker,0,1,0,0
2020-04-06,Mower,0,17,0,0
2020-04-06,Murray,1,1,0,0
2020-04-06,Nicollet,0,4,0,0
2020-04-06,Olmsted,1,96,0,2
2020-04-06,Otter Tail,1,2,0,0
2020-04-06,Pipestone,0,1,0,0
2020-04-06,Polk,0,1,0,0
2020-04-06,Ramsey,5,96,1,3
2020-04-06,Redwood,1,1,0,0
2020-04-06,Renville,0,2,0,0
2020-04-06,Rice,0,4,0,0
2020-04-06,Scott,2,15,0,1
2020-04-06,Sherburne,0,10,0,0
2020-04-06,Sibley,0,1,0,0
2020-04-06,Stearns,0,6,0,0
2020-04-06,Steele,0,8,0,0
2020-04-06,St. Louis,1,16,0,0
2020-04-06,Traverse,0,2,0,0
2020-04-06,Wabasha,0,6,0,0
2020-04-06,Waseca,0,3,0,0
2020-04-06,Washington,3,65,0,1
2020-04-06,Watonwan,0,4,0,0
2020-04-06,Wilkin,0,2,0,0
2020-04-06,Winona,0,14,0,2
2020-04-06,Wright,0,9,0,0
2020-04-06,Yellow Medicine,0,1,0,0
2020-04-07,Anoka,2,42,0,0
2020-04-07,Beltrami,0,6,0,0
2020-04-07,Benton,0,1,0,0
2020-04-07,Big Stone,0,1,0,0
2020-04-07,Blue Earth,6,22,0,0
2020-04-07,Brown,2,7,0,0
2020-04-07,Carlton,3,13,0,0
2020-04-07,Carver,0,10,0,0
2020-04-07,Cass,2,3,0,0
2020-04-07,Chisago,0,5,0,1
2020-04-07,Clay,0,19,0,0
2020-04-07,Clearwater,0,2,0,0
2020-04-07,Cottonwood,0,5,0,0
2020-04-07,Crow Wing,3,9,0,0
2020-04-07,Dakota,4,71,1,3
2020-04-07,Dodge,1,11,0,0
2020-04-07,Douglas,0,1,0,0
2020-04-07,Faribault,0,3,0,0
2020-04-07,Fillmore,0,10,0,0
2020-04-07,Freeborn,3,14,0,0
2020-04-07,Goodhue,2,12,0,0
2020-04-07,Hennepin,30,310,2,16
2020-04-07,Houston,0,1,0,0
2020-04-07,Isanti,0,4,0,0
2020-04-07,Itasca,0,2,0,0
2020-04-07,Jackson,0,1,0,0
2020-04-07,Kandiyohi,0,2,0,0
2020-04-07,Koochiching,0,1,0,0
2020-04-07,Lac qui Parle,0,1,0,0
2020-04-07,Le Sueur,0,20,0,0
2020-04-07,Lincoln,0,2,0,0
2020-04-07,Lyon,0,4,0,0
2020-04-07,Mahnomen,0,1,0,0
2020-04-07,Martin,1,34,0,4
2020-04-07,McLeod,0,1,0,0
2020-04-07,Meeker,0,1,0,0
2020-04-07,Mower,1,18,0,0
2020-04-07,Murray,0,1,0,0
2020-04-07,Nicollet,0,4,0,0
2020-04-07,Olmsted,7,103,0,2
2020-04-07,Otter Tail,0,2,0,0
2020-04-07,Pipestone,0,1,0,0
2020-04-07,Polk,0,1,0,0
2020-04-07,Ramsey,5,101,0,3
2020-04-07,Redwood,0,1,0,0
2020-04-07,Renville,0,2,0,0
2020-04-07,Rice,0,4,0,0
2020-04-07,Roseau,1,1,0,0
2020-04-07,Scott,1,16,0,1
2020-04-07,Sherburne,0,10,0,0
2020-04-07,Sibley,0,1,0,0
2020-04-07,Stearns,0,6,0,0
2020-04-07,Steele,0,8,0,0
2020-04-07,St. Louis,1,17,0,0
2020-04-07,Swift,1,1,0,0
2020-04-07,Traverse,0,2,0,0
2020-04-07,Wabasha,0,6,0,0
2020-04-07,Waseca,0,3,0,0
2020-04-07,Washington,3,68,0,1
2020-04-07,Watonwan,0,4,0,0
2020-04-07,Wilkin,0,2,0,0
2020-04-07,Winona,2,16,1,3
2020-04-07,Wright,3,12,0,0
2020-04-07,Yellow Medicine,0,1,0,0
2020-04-08,Anoka,4,46,0,0
2020-04-08,Beltrami,0,6,0,0
2020-04-08,Benton,0,1,0,0
2020-04-08,Big Stone,0,1,0,0
2020-04-08,Blue Earth,-1,21,0,0
2020-04-08,Brown,0,7,0,0
2020-04-08,Carlton,1,14,0,0
2020-04-08,Carver,0,10,0,0
2020-04-08,Cass,0,3,0,0
2020-04-08,Chisago,0,5,0,1
2020-04-08,Clay,1,20,0,0
2020-04-08,Clearwater,0,2,0,0
2020-04-08,Cottonwood,0,5,0,0
2020-04-08,Crow Wing,1,10,0,0
2020-04-08,Dakota,4,75,0,3
2020-04-08,Dodge,2,13,0,0
2020-04-08,Douglas,0,1,0,0
2020-04-08,Faribault,0,3,0,0
2020-04-08,Fillmore,0,10,0,0
2020-04-08,Freeborn,3,17,0,0
2020-04-08,Goodhue,1,13,0,0
2020-04-08,Hennepin,34,344,2,18
2020-04-08,Houston,0,1,0,0
2020-04-08,Isanti,0,4,0,0
2020-04-08,Itasca,0,2,0,0
2020-04-08,Jackson,0,1,0,0
2020-04-08,Kandiyohi,0,2,0,0
2020-04-08,Koochiching,0,1,0,0
2020-04-08,Lac qui Parle,0,1,0,0
2020-04-08,Le Sueur,0,20,0,0
2020-04-08,Lincoln,0,2,0,0
2020-04-08,Lyon,0,4,0,0
2020-04-08,Mahnomen,0,1,0,0
2020-04-08,Martin,0,34,0,4
2020-04-08,McLeod,0,1,0,0
2020-04-08,Meeker,0,1,0,0
2020-04-08,Mower,0,18,0,0
2020-04-08,Murray,0,1,0,0
2020-04-08,Nicollet,1,5,0,0
2020-04-08,Olmsted,5,108,0,2
2020-04-08,Otter Tail,0,2,0,0
2020-04-08,Pine,1,1,0,0
2020-04-08,Pipestone,0,1,0,0
2020-04-08,Polk,0,1,0,0
2020-04-08,Ramsey,11,112,0,3
2020-04-08,Redwood,0,1,0,0
2020-04-08,Renville,0,2,0,0
2020-04-08,Rice,0,4,0,0
2020-04-08,Roseau,0,1,0,0
2020-04-08,Scott,1,17,0,1
2020-04-08,Sherburne,-1,9,0,0
2020-04-08,Sibley,0,1,0,0
2020-04-08,Stearns,1,7,0,0
2020-04-08,Steele,0,8,0,0
2020-04-08,St. Louis,11,28,0,0
2020-04-08,Swift,0,1,0,0
2020-04-08,Traverse,0,2,0,0
2020-04-08,Wabasha,0,6,0,0
2020-04-08,Waseca,0,3,0,0
2020-04-08,Washington,2,70,1,2
2020-04-08,Watonwan,0,4,0,0
2020-04-08,Wilkin,0,2,1,1
2020-04-08,Winona,3,19,1,4
2020-04-08,Wright,0,12,0,0
2020-04-08,Yellow Medicine,1,2,0,0
2020-04-09,Anoka,7,53,0,0
2020-04-09,Beltrami,-1,5,0,0
2020-04-09,Benton,0,1,0,0
2020-04-09,Big Stone,0,1,0,0
2020-04-09,Blue Earth,1,22,0,0
2020-04-09,Brown,0,7,0,0
2020-04-09,Carlton,1,15,0,0
2020-04-09,Carver,0,10,0,0
2020-04-09,Cass,0,3,0,0
2020-04-09,Chisago,0,5,0,1
2020-04-09,Clay,3,23,0,0
2020-04-09,Clearwater,0,2,0,0
2020-04-09,Cottonwood,0,5,0,0
2020-04-09,Crow Wing,3,13,0,0
2020-04-09,Dakota,4,79,0,3
2020-04-09,Dodge,0,13,0,0
2020-04-09,Douglas,0,1,0,0
2020-04-09,Faribault,1,4,0,0
2020-04-09,Fillmore,0,10,0,0
2020-04-09,Freeborn,3,20,0,0
2020-04-09,Goodhue,1,14,0,0
2020-04-09,Hennepin,31,375,7,25
2020-04-09,Houston,0,1,0,0
2020-04-09,Isanti,0,4,0,0
2020-04-09,Itasca,0,2,0,0
2020-04-09,Jackson,0,1,0,0
2020-04-09,Kandiyohi,0,2,0,0
2020-04-09,Koochiching,0,1,0,0
2020-04-09,Lac qui Parle,0,1,0,0
2020-04-09,Le Sueur,0,20,0,0
2020-04-09,Lincoln,0,2,0,0
2020-04-09,Lyon,1,5,0,0
2020-04-09,Mahnomen,0,1,0,0
2020-04-09,Martin,1,35,0,4
2020-04-09,McLeod,1,2,0,0
2020-04-09,Meeker,1,2,0,0
2020-04-09,Mower,2,20,0,0
2020-04-09,Murray,0,1,0,0
2020-04-09,Nicollet,0,5,0,0
2020-04-09,Olmsted,6,114,0,2
2020-04-09,Otter Tail,1,3,0,0
2020-04-09,Pine,1,2,0,0
2020-04-09,Pipestone,0,1,0,0
2020-04-09,Polk,0,1,0,0
2020-04-09,Ramsey,9,121,2,5
2020-04-09,Redwood,0,1,0,0
2020-04-09,Renville,0,2,0,0
2020-04-09,Rice,0,4,0,0
2020-04-09,Roseau,0,1,0,0
2020-04-09,Scott,2,19,0,1
2020-04-09,Sherburne,0,9,0,0
2020-04-09,Sibley,0,1,0,0
2020-04-09,Stearns,0,7,0,0
2020-04-09,Steele,0,8,0,0
2020-04-09,St. Louis,5,33,1,1
2020-04-09,Swift,0,1,0,0
2020-04-09,Traverse,0,2,0,0
2020-04-09,Wabasha,0,6,0,0
2020-04-09,Waseca,0,3,0,0
2020-04-09,Washington,2,72,0,2
2020-04-09,Watonwan,0,4,0,0
2020-04-09,Wilkin,3,5,0,1
2020-04-09,Winona,1,20,1,5
2020-04-09,Wright,0,12,0,0
2020-04-09,Yellow Medicine,0,2,0,0
2020-04-10,Anoka,2,55,0,0
2020-04-10,Beltrami,0,5,0,0
2020-04-10,Benton,0,1,0,0
2020-04-10,Big Stone,0,1,0,0
2020-04-10,Blue Earth,0,22,0,0
2020-04-10,Brown,0,7,1,1
2020-04-10,Carlton,3,18,0,0
2020-04-10,Carver,2,12,0,0
2020-04-10,Cass,0,3,0,0
2020-04-10,Chisago,1,6,0,1
2020-04-10,Clay,6,29,0,0
2020-04-10,Clearwater,0,2,0,0
2020-04-10,Cottonwood,0,5,0,0
2020-04-10,Crow Wing,0,13,0,0
2020-04-10,Dakota,6,85,1,4
2020-04-10,Dodge,1,14,0,0
2020-04-10,Douglas,0,1,0,0
2020-04-10,Faribault,0,4,0,0
2020-04-10,Fillmore,0,10,0,0
2020-04-10,Freeborn,1,21,0,0
2020-04-10,Goodhue,0,14,0,0
2020-04-10,Hennepin,40,415,2,27
2020-04-10,Houston,0,1,0,0
2020-04-10,Isanti,0,4,0,0
2020-04-10,Itasca,0,2,0,0
2020-04-10,Jackson,0,1,0,0
2020-04-10,Kandiyohi,0,2,0,0
2020-04-10,Koochiching,0,1,0,0
2020-04-10,Lac qui Parle,0,1,0,0
2020-04-10,Le Sueur,0,20,0,0
2020-04-10,Lincoln,0,2,0,0
2020-04-10,Lyon,0,5,0,0
2020-04-10,Mahnomen,0,1,0,0
2020-04-10,Martin,1,36,0,4
2020-04-10,McLeod,0,2,0,0
2020-04-10,Meeker,0,2,0,0
2020-04-10,Mower,2,22,0,0
2020-04-10,Murray,0,1,0,0
2020-04-10,Nicollet,1,6,0,0
2020-04-10,Nobles,1,1,0,0
2020-04-10,Olmsted,12,126,0,2
2020-04-10,Otter Tail,0,3,0,0
2020-04-10,Pine,1,3,0,0
2020-04-10,Pipestone,0,1,0,0
2020-04-10,Polk,0,1,0,0
2020-04-10,Ramsey,3,124,0,5
2020-04-10,Redwood,0,1,0,0
2020-04-10,Renville,0,2,0,0
2020-04-10,Rice,0,4,0,0
2020-04-10,Roseau,0,1,0,0
2020-04-10,Scott,0,19,0,1
2020-04-10,Sherburne,0,9,0,0
2020-04-10,Sibley,0,1,0,0
2020-04-10,Stearns,0,7,0,0
2020-04-10,Steele,1,9,0,0
2020-04-10,St. Louis,1,34,3,4
2020-04-10,Swift,0,1,0,0
2020-04-10,Traverse,0,2,0,0
2020-04-10,Wabasha,0,6,0,0
2020-04-10,Waseca,0,3,0,0
2020-04-10,Washington,1,73,0,2
2020-04-10,Watonwan,0,4,0,0
2020-04-10,Wilkin,1,6,0,1
2020-04-10,Winona,6,26,0,5
2020-04-10,Wright,2,14,0,0
2020-04-10,Yellow Medicine,0,2,0,0
2020-04-11,Anoka,3,58,0,0
2020-04-11,Becker,1,1,0,0
2020-04-11,Beltrami,0,5,0,0
2020-04-11,Benton,0,1,0,0
2020-04-11,Big Stone,0,1,0,0
2020-04-11,Blue Earth,0,22,0,0
2020-04-11,Brown,0,7,0,1
2020-04-11,Carlton,1,19,0,0
2020-04-11,Carver,0,12,0,0
2020-04-11,Cass,0,3,0,0
2020-04-11,Chisago,0,6,0,1
2020-04-11,Clay,0,29,0,0
2020-04-11,Clearwater,0,2,0,0
2020-04-11,Cottonwood,0,5,0,0
2020-04-11,Crow Wing,0,13,0,0
2020-04-11,Dakota,2,87,0,4
2020-04-11,Dodge,1,15,0,0
2020-04-11,Douglas,0,1,0,0
2020-04-11,Faribault,0,4,0,0
2020-04-11,Fillmore,0,10,0,0
2020-04-11,Freeborn,1,22,0,0
2020-04-11,Goodhue,2,16,0,0
2020-04-11,Hennepin,49,464,3,30
2020-04-11,Houston,0,1,0,0
2020-04-11,Isanti,0,4,0,0
2020-04-11,Itasca,0,2,0,0
2020-04-11,Jackson,0,1,0,0
2020-04-11,Kandiyohi,0,2,0,0
2020-04-11,Koochiching,0,1,0,0
2020-04-11,Lac qui Parle,0,1,0,0
2020-04-11,Le Sueur,0,20,0,0
2020-04-11,Lincoln,0,2,0,0
2020-04-11,Lyon,0,5,0,0
2020-04-11,Mahnomen,0,1,0,0
2020-04-11,Martin,1,37,0,4
2020-04-11,McLeod,0,2,0,0
2020-04-11,Meeker,0,2,0,0
2020-04-11,Mower,1,23,0,0
2020-04-11,Murray,0,1,0,0
2020-04-11,Nicollet,0,6,1,1
2020-04-11,Nobles,0,1,0,0
2020-04-11,Olmsted,6,132,0,2
2020-04-11,Otter Tail,1,4,0,0
2020-04-11,Pine,0,3,0,0
2020-04-11,Pipestone,0,1,0,0
2020-04-11,Polk,0,1,0,0
2020-04-11,Ramsey,8,132,1,6
2020-04-11,Redwood,0,1,0,0
2020-04-11,Renville,1,3,0,0
2020-04-11,Rice,0,4,0,0
2020-04-11,Roseau,0,1,0,0
2020-04-11,Scott,1,20,0,1
2020-04-11,Sherburne,0,9,0,0
2020-04-11,Sibley,0,1,0,0
2020-04-11,Stearns,0,7,0,0
2020-04-11,Steele,0,9,0,0
2020-04-11,St. Louis,3,37,0,4
2020-04-11,Swift,0,1,0,0
2020-04-11,Traverse,0,2,0,0
2020-04-11,Wabasha,0,6,0,0
2020-04-11,Waseca,0,3,0,0
2020-04-11,Washington,4,77,0,2
2020-04-11,Watonwan,0,4,0,0
2020-04-11,Wilkin,1,7,0,1
2020-04-11,Winona,0,26,0,5
2020-04-11,Wright,2,16,1,1
2020-04-11,Yellow Medicine,0,2,0,0
2020-04-12,Anoka,10,68,0,0
2020-04-12,Becker,1,2,0,0
2020-04-12,Beltrami,0,5,0,0
2020-04-12,Benton,0,1,0,0
2020-04-12,Big Stone,0,1,0,0
2020-04-12,Blue Earth,0,22,0,0
2020-04-12,Brown,0,7,0,1
2020-04-12,Carlton,6,25,0,0
2020-04-12,Carver,1,13,0,0
2020-04-12,Cass,1,4,0,0
2020-04-12,Chisago,1,7,0,1
2020-04-12,Clay,11,40,0,0
2020-04-12,Clearwater,0,2,0,0
2020-04-12,Cottonwood,1,6,0,0
2020-04-12,Crow Wing,3,16,0,0
2020-04-12,Dakota,8,95,0,4
2020-04-12,Dodge,1,16,0,0
2020-04-12,Douglas,0,1,0,0
2020-04-12,Faribault,0,4,0,0
2020-04-12,Fillmore,0,10,0,0
2020-04-12,Freeborn,2,24,0,0
2020-04-12,Goodhue,1,17,0,0
2020-04-12,Hennepin,93,557,4,34
2020-04-12,Houston,0,1,0,0
2020-04-12,Isanti,0,4,0,0
2020-04-12,Itasca,0,2,0,0
2020-04-12,Jackson,0,1,0,0
2020-04-12,Kandiyohi,0,2,0,0
2020-04-12,Koochiching,0,1,0,0
2020-04-12,Lac qui Parle,0,1,0,0
2020-04-12,Le Sueur,1,21,0,0
2020-04-12,Lincoln,0,2,0,0
2020-04-12,Lyon,0,5,0,0
2020-04-12,Mahnomen,0,1,0,0
2020-04-12,Martin,1,38,0,4
2020-04-12,McLeod,0,2,0,0
2020-04-12,Meeker,0,2,0,0
2020-04-12,Mower,2,25,0,0
2020-04-12,Murray,0,1,0,0
2020-04-12,Nicollet,0,6,0,1
2020-04-12,Nobles,0,1,0,0
2020-04-12,Olmsted,11,143,0,2
2020-04-12,Otter Tail,0,4,0,0
2020-04-12,Pine,2,5,0,0
2020-04-12,Pipestone,0,1,0,0
2020-04-12,Polk,0,1,0,0
2020-04-12,Ramsey,20,152,0,6
2020-04-12,Red Lake,1,1,0,0
2020-04-12,Redwood,0,1,0,0
2020-04-12,Renville,0,3,0,0
2020-04-12,Rice,0,4,0,0
2020-04-12,Rock,2,2,0,0
2020-04-12,Roseau,0,1,0,0
2020-04-12,Scott,0,20,0,1
2020-04-12,Sherburne,0,9,0,0
2020-04-12,Sibley,0,1,0,0
2020-04-12,Stearns,0,7,0,0
2020-04-12,Steele,0,9,0,0
2020-04-12,St. Louis,1,38,1,5
2020-04-12,Swift,0,1,0,0
2020-04-12,Todd,2,2,0,0
2020-04-12,Traverse,0,2,0,0
2020-04-12,Wabasha,0,6,0,0
2020-04-12,Waseca,0,3,0,0
2020-04-12,Washington,3,80,1,3
2020-04-12,Watonwan,0,4,0,0
2020-04-12,Wilkin,0,7,0,1
2020-04-12,Winona,4,30,1,6
2020-04-12,Wright,1,17,0,1
2020-04-12,Yellow Medicine,1,3,0,0
2020-04-13,Anoka,0,68,0,0
2020-04-13,Becker,0,2,0,0
2020-04-13,Beltrami,0,5,0,0
2020-04-13,Benton,0,1,0,0
2020-04-13,Big Stone,0,1,0,0
2020-04-13,Blue Earth,0,22,0,0
2020-04-13,Brown,0,7,0,1
2020-04-13,Carlton,0,25,0,0
2020-04-13,Carver,0,13,0,0
2020-04-13,Cass,0,4,0,0
2020-04-13,Chisago,0,7,0,1
2020-04-13,Clay,0,40,0,0
2020-04-13,Clearwater,0,2,0,0
2020-04-13,Cottonwood,0,6,0,0
2020-04-13,Crow Wing,0,16,0,0
2020-04-13,Dakota,0,95,0,4
2020-04-13,Dodge,0,16,0,0
2020-04-13,Douglas,0,1,0,0
2020-04-13,Faribault,0,4,0,0
2020-04-13,Fillmore,0,10,0,0
2020-04-13,Freeborn,0,24,0,0
2020-04-13,Goodhue,0,17,0,0
2020-04-13,Hennepin,0,557,0,34
2020-04-13,Houston,0,1,0,0
2020-04-13,Isanti,0,4,0,0
2020-04-13,Itasca,0,2,0,0
2020-04-13,Jackson,0,1,0,0
2020-04-13,Kandiyohi,0,2,0,0
2020-04-13,Koochiching,0,1,0,0
2020-04-13,Lac qui Parle,0,1,0,0
2020-04-13,Le Sueur,0,21,0,0
2020-04-13,Lincoln,0,2,0,0
2020-04-13,Lyon,0,5,0,0
2020-04-13,Mahnomen,0,1,0,0
2020-04-13,Martin,0,38,0,4
2020-04-13,McLeod,0,2,0,0
2020-04-13,Meeker,0,2,0,0
2020-04-13,Mower,0,25,0,0
2020-04-13,Murray,0,1,0,0
2020-04-13,Nicollet,0,6,0,1
2020-04-13,Nobles,0,1,0,0
2020-04-13,Olmsted,0,143,0,2
2020-04-13,Otter Tail,0,4,0,0
2020-04-13,Pine,0,5,0,0
2020-04-13,Pipestone,0,1,0,0
2020-04-13,Polk,0,1,0,0
2020-04-13,Ramsey,0,152,0,6
2020-04-13,Red Lake,0,1,0,0
2020-04-13,Redwood,0,1,0,0
2020-04-13,Renville,0,3,0,0
2020-04-13,Rice,0,4,0,0
2020-04-13,Rock,0,2,0,0
2020-04-13,Roseau,0,1,0,0
2020-04-13,Scott,0,20,0,1
2020-04-13,Sherburne,0,9,0,0
2020-04-13,Sibley,0,1,0,0
2020-04-13,Stearns,0,7,0,0
2020-04-13,Steele,0,9,0,0
2020-04-13,St. Louis,0,38,0,5
2020-04-13,Swift,0,1,0,0
2020-04-13,Todd,0,2,0,0
2020-04-13,Traverse,0,2,0,0
2020-04-13,Wabasha,0,6,0,0
2020-04-13,Waseca,0,3,0,0
2020-04-13,Washington,0,80,0,3
2020-04-13,Watonwan,0,4,0,0
2020-04-13,Wilkin,0,7,0,1
2020-04-13,Winona,0,30,0,6
2020-04-13,Wright,0,17,0,1
2020-04-13,Yellow Medicine,0,3,0,0
2020-04-14,Anoka,4,72,0,0
2020-04-14,Becker,0,2,0,0
2020-04-14,Beltrami,0,5,0,0
2020-04-14,Benton,0,1,0,0
2020-04-14,Big Stone,0,1,0,0
2020-04-14,Blue Earth,0,22,0,0
2020-04-14,Brown,0,7,0,1
2020-04-14,Carlton,1,26,0,0
2020-04-14,Carver,0,13,0,0
2020-04-14,Cass,0,4,0,0
2020-04-14,Chisago,0,7,0,1
2020-04-14,Clay,2,42,0,0
2020-04-14,Clearwater,1,3,0,0
2020-04-14,Cottonwood,0,6,0,0
2020-04-14,Crow Wing,1,17,0,0
2020-04-14,Dakota,8,103,1,5
2020-04-14,Dodge,0,16,0,0
2020-04-14,Douglas,0,1,0,0
2020-04-14,Faribault,0,4,0,0
2020-04-14,Fillmore,0,10,0,0
2020-04-14,Freeborn,3,27,0,0
2020-04-14,Goodhue,0,17,0,0
2020-04-14,Hennepin,31,588,6,40
2020-04-14,Houston,0,1,0,0
2020-04-14,Isanti,0,4,0,0
2020-04-14,Itasca,0,2,0,0
2020-04-14,Jackson,0,1,0,0
2020-04-14,Kandiyohi,0,2,0,0
2020-04-14,Koochiching,0,1,0,0
2020-04-14,Lac qui Parle,0,1,0,0
2020-04-14,Le Sueur,0,21,0,0
2020-04-14,Lincoln,0,2,0,0
2020-04-14,Lyon,0,5,0,0
2020-04-14,Mahnomen,0,1,0,0
2020-04-14,Martin,1,39,0,4
2020-04-14,McLeod,0,2,0,0
2020-04-14,Meeker,0,2,0,0
2020-04-14,Mower,-2,23,0,0
2020-04-14,Murray,0,1,0,0
2020-04-14,Nicollet,1,7,0,1
2020-04-14,Nobles,2,3,0,0
2020-04-14,Olmsted,4,147,0,2
2020-04-14,Otter Tail,0,4,0,0
2020-04-14,Pine,1,6,0,0
2020-04-14,Pipestone,0,1,0,0
2020-04-14,Polk,0,1,0,0
2020-04-14,Ramsey,1,153,1,7
2020-04-14,Red Lake,0,1,0,0
2020-04-14,Redwood,0,1,0,0
2020-04-14,Renville,0,3,0,0
2020-04-14,Rice,1,5,0,0
2020-04-14,Rock,0,2,0,0
2020-04-14,Roseau,0,1,0,0
2020-04-14,Scott,0,20,0,1
2020-04-14,Sherburne,1,10,0,0
2020-04-14,Sibley,0,1,0,0
2020-04-14,Stearns,0,7,0,0
2020-04-14,Steele,0,9,0,0
2020-04-14,St. Louis,4,42,0,5
2020-04-14,Swift,0,1,0,0
2020-04-14,Todd,0,2,0,0
2020-04-14,Traverse,0,2,0,0
2020-04-14,Wabasha,1,7,0,0
2020-04-14,Waseca,0,3,0,0
2020-04-14,Washington,4,84,0,3
2020-04-14,Watonwan,0,4,0,0
2020-04-14,Wilkin,0,7,1,2
2020-04-14,Winona,0,30,0,6
2020-04-14,Wright,2,19,0,1
2020-04-14,Yellow Medicine,0,3,0,0
2020-04-15,Anoka,4,76,0,0
2020-04-15,Becker,-1,1,0,0
2020-04-15,Beltrami,0,5,0,0
2020-04-15,Benton,0,1,0,0
2020-04-15,Big Stone,0,1,0,0
2020-04-15,Blue Earth,1,23,0,0
2020-04-15,Brown,0,7,0,1
2020-04-15,Carlton,1,27,0,0
2020-04-15,Carver,1,14,0,0
2020-04-15,Cass,0,4,0,0
2020-04-15,Chisago,0,7,0,1
2020-04-15,Clay,1,43,1,1
2020-04-15,Clearwater,0,3,0,0
2020-04-15,Cottonwood,0,6,0,0
2020-04-15,Crow Wing,0,17,0,0
2020-04-15,Dakota,0,103,0,5
2020-04-15,Dodge,0,16,0,0
2020-04-15,Douglas,0,1,0,0
2020-04-15,Faribault,0,4,0,0
2020-04-15,Fillmore,0,10,0,0
2020-04-15,Freeborn,0,27,0,0
2020-04-15,Goodhue,0,17,0,0
2020-04-15,Hennepin,63,651,6,46
2020-04-15,Houston,0,1,0,0
2020-04-15,Isanti,0,4,0,0
2020-04-15,Itasca,0,2,0,0
2020-04-15,Jackson,0,1,0,0
2020-04-15,Kandiyohi,0,2,0,0
2020-04-15,Koochiching,0,1,0,0
2020-04-15,Lac qui Parle,0,1,0,0
2020-04-15,Le Sueur,0,21,0,0
2020-04-15,Lincoln,0,2,0,0
2020-04-15,Lyon,0,5,0,0
2020-04-15,Mahnomen,0,1,0,0
2020-04-15,Martin,0,39,0,4
2020-04-15,McLeod,0,2,0,0
2020-04-15,Meeker,1,3,0,0
2020-04-15,Mower,2,25,0,0
2020-04-15,Murray,0,1,0,0
2020-04-15,Nicollet,0,7,0,1
2020-04-15,Nobles,-1,2,0,0
2020-04-15,Norman,1,1,0,0
2020-04-15,Olmsted,6,153,0,2
2020-04-15,Otter Tail,0,4,0,0
2020-04-15,Pine,0,6,0,0
2020-04-15,Pipestone,0,1,0,0
2020-04-15,Polk,0,1,0,0
2020-04-15,Ramsey,11,164,0,7
2020-04-15,Red Lake,0,1,0,0
2020-04-15,Redwood,0,1,0,0
2020-04-15,Renville,0,3,0,0
2020-04-15,Rice,0,5,0,0
2020-04-15,Rock,0,2,0,0
2020-04-15,Roseau,0,1,0,0
2020-04-15,Scott,0,20,0,1
2020-04-15,Sherburne,1,11,0,0
2020-04-15,Sibley,0,1,0,0
2020-04-15,Stearns,0,7,0,0
2020-04-15,Steele,0,9,0,0
2020-04-15,St. Louis,1,43,1,6
2020-04-15,Swift,0,1,0,0
2020-04-15,Todd,0,2,0,0
2020-04-15,Traverse,0,2,0,0
2020-04-15,Wabasha,0,7,0,0
2020-04-15,Waseca,0,3,0,0
2020-04-15,Washington,4,88,0,3
2020-04-15,Watonwan,0,4,0,0
2020-04-15,Wilkin,0,7,0,2
2020-04-15,Winona,21,51,0,6
2020-04-15,Wright,2,21,0,1
2020-04-15,Yellow Medicine,0,3,0,0
2020-04-16,Anoka,3,79,0,0
2020-04-16,Becker,0,1,0,0
2020-04-16,Beltrami,0,5,0,0
2020-04-16,Benton,0,1,0,0
2020-04-16,Big Stone,0,1,0,0
2020-04-16,Blue Earth,-1,22,0,0
2020-04-16,Brown,0,7,0,1
2020-04-16,Carlton,2,29,0,0
2020-04-16,Carver,0,14,0,0
2020-04-16,Cass,0,4,0,0
2020-04-16,Chisago,0,7,0,1
2020-04-16,Clay,0,43,0,1
2020-04-16,Clearwater,0,3,0,0
2020-04-16,Cottonwood,0,6,0,0
2020-04-16,Crow Wing,0,17,0,0
2020-04-16,Dakota,0,103,-1,4
2020-04-16,Dodge,0,16,0,0
2020-04-16,Douglas,0,1,0,0
2020-04-16,Faribault,0,4,0,0
2020-04-16,Fillmore,0,10,0,0
2020-04-16,Freeborn,2,29,0,0
2020-04-16,Goodhue,0,17,0,0
2020-04-16,Hennepin,55,706,6,52
2020-04-16,Houston,0,1,0,0
2020-04-16,Isanti,0,4,0,0
2020-04-16,Itasca,0,2,0,0
2020-04-16,Jackson,0,1,0,0
2020-04-16,Kandiyohi,0,2,0,0
2020-04-16,Koochiching,0,1,0,0
2020-04-16,Lac qui Parle,0,1,0,0
2020-04-16,Le Sueur,1,22,0,0
2020-04-16,Lincoln,0,2,0,0
2020-04-16,Lyon,0,5,0,0
2020-04-16,Mahnomen,0,1,0,0
2020-04-16,Martin,0,39,0,4
2020-04-16,McLeod,0,2,0,0
2020-04-16,Meeker,0,3,0,0
2020-04-16,Mille Lacs,1,1,0,0
2020-04-16,Mower,0,25,0,0
2020-04-16,Murray,1,2,0,0
2020-04-16,Nicollet,0,7,0,1
2020-04-16,Nobles,0,2,0,0
2020-04-16,Norman,0,1,0,0
2020-04-16,Olmsted,10,163,0,2
2020-04-16,Otter Tail,0,4,0,0
2020-04-16,Pine,2,8,0,0
2020-04-16,Pipestone,0,1,0,0
2020-04-16,Polk,1,2,0,0
2020-04-16,Ramsey,13,177,2,9
2020-04-16,Red Lake,0,1,0,0
2020-04-16,Redwood,0,1,0,0
2020-04-16,Renville,0,3,0,0
2020-04-16,Rice,1,6,0,0
2020-04-16,Rock,1,3,0,0
2020-04-16,Roseau,0,1,0,0
2020-04-16,Scott,0,20,0,1
2020-04-16,Sherburne,1,12,0,0
2020-04-16,Sibley,0,1,0,0
2020-04-16,Stearns,4,11,0,0
2020-04-16,Steele,0,9,0,0
2020-04-16,St. Louis,1,44,0,6
2020-04-16,Swift,0,1,0,0
2020-04-16,Todd,0,2,0,0
2020-04-16,Traverse,0,2,0,0
2020-04-16,Wabasha,0,7,0,0
2020-04-16,Waseca,0,3,0,0
2020-04-16,Washington,3,91,0,3
2020-04-16,Watonwan,0,4,0,0
2020-04-16,Wilkin,0,7,0,2
2020-04-16,Winona,3,54,0,6
2020-04-16,Wright,0,21,0,1
2020-04-16,Yellow Medicine,0,3,0,0
2020-04-17,Aitkin,1,1,0,0
2020-04-17,Anoka,4,83,1,1
2020-04-17,Becker,0,1,0,0
2020-04-17,Beltrami,0,5,0,0
2020-04-17,Benton,3,4,0,0
2020-04-17,Big Stone,0,1,0,0
2020-04-17,Blue Earth,1,23,0,0
2020-04-17,Brown,0,7,0,1
2020-04-17,Carlton,3,32,0,0
2020-04-17,Carver,0,14,0,0
2020-04-17,Cass,0,4,0,0
2020-04-17,Chisago,0,7,0,1
2020-04-17,Clay,1,44,1,2
2020-04-17,Clearwater,0,3,0,0
2020-04-17,Cottonwood,0,6,0,0
2020-04-17,Crow Wing,0,17,0,0
2020-04-17,Dakota,7,110,1,5
2020-04-17,Dodge,1,17,0,0
2020-04-17,Douglas,0,1,0,0
2020-04-17,Faribault,0,4,0,0
2020-04-17,Fillmore,0,10,0,0
2020-04-17,Freeborn,-1,28,0,0
2020-04-17,Goodhue,1,18,0,0
2020-04-17,Hennepin,100,806,9,61
2020-04-17,Houston,0,1,0,0
2020-04-17,Isanti,0,4,0,0
2020-04-17,Itasca,0,2,0,0
2020-04-17,Jackson,0,1,0,0
2020-04-17,Kandiyohi,0,2,0,0
2020-04-17,Koochiching,0,1,0,0
2020-04-17,Lac qui Parle,0,1,0,0
2020-04-17,Le Sueur,0,22,0,0
2020-04-17,Lincoln,0,2,0,0
2020-04-17,Lyon,1,6,0,0
2020-04-17,Mahnomen,0,1,0,0
2020-04-17,Martin,0,39,0,4
2020-04-17,McLeod,0,2,0,0
2020-04-17,Meeker,0,3,0,0
2020-04-17,Mille Lacs,0,1,0,0
2020-04-17,Mower,0,25,0,0
2020-04-17,Murray,0,2,0,0
2020-04-17,Nicollet,0,7,1,2
2020-04-17,Nobles,10,12,0,0
2020-04-17,Norman,1,2,0,0
2020-04-17,Olmsted,11,174,0,2
2020-04-17,Otter Tail,0,4,0,0
2020-04-17,Pine,1,9,0,0
2020-04-17,Pipestone,0,1,0,0
2020-04-17,Polk,0,2,0,0
2020-04-17,Ramsey,1,178,0,9
2020-04-17,Red Lake,0,1,0,0
2020-04-17,Redwood,0,1,0,0
2020-04-17,Renville,0,3,0,0
2020-04-17,Rice,0,6,1,1
2020-04-17,Rock,0,3,0,0
2020-04-17,Roseau,0,1,0,0
2020-04-17,Scott,3,23,0,1
2020-04-17,Sherburne,0,12,0,0
2020-04-17,Sibley,0,1,0,0
2020-04-17,Stearns,3,14,0,0
2020-04-17,Steele,0,9,0,0
2020-04-17,St. Louis,1,45,1,7
2020-04-17,Swift,0,1,0,0
2020-04-17,Todd,0,2,0,0
2020-04-17,Traverse,0,2,0,0
2020-04-17,Wabasha,1,8,0,0
2020-04-17,Waseca,0,3,0,0
2020-04-17,Washington,1,92,0,3
2020-04-17,Watonwan,0,4,0,0
2020-04-17,Wilkin,0,7,0,2
2020-04-17,Winona,2,56,2,8
2020-04-17,Wright,2,23,0,1
2020-04-17,Yellow Medicine,0,3,0,0
2020-04-18,Aitkin,0,1,0,0
2020-04-18,Anoka,2,85,1,2
2020-04-18,Becker,0,1,0,0
2020-04-18,Beltrami,0,5,0,0
2020-04-18,Benton,0,4,0,0
2020-04-18,Big Stone,0,1,0,0
2020-04-18,Blue Earth,0,23,0,0
2020-04-18,Brown,0,7,0,1
2020-04-18,Carlton,2,34,0,0
2020-04-18,Carver,0,14,0,0
2020-04-18,Cass,0,4,0,0
2020-04-18,Chisago,0,7,0,1
2020-04-18,Clay,4,48,0,2
2020-04-18,Clearwater,0,3,0,0
2020-04-18,Cottonwood,0,6,0,0
2020-04-18,Crow Wing,0,17,0,0
2020-04-18,Dakota,3,113,0,5
2020-04-18,Dodge,0,17,0,0
2020-04-18,Douglas,0,1,0,0
2020-04-18,Faribault,0,4,0,0
2020-04-18,Fillmore,1,11,0,0
2020-04-18,Freeborn,3,31,0,0
2020-04-18,Goodhue,1,19,0,0
2020-04-18,Hennepin,69,875,8,69
2020-04-18,Houston,0,1,0,0
2020-04-18,Isanti,1,5,0,0
2020-04-18,Itasca,0,2,0,0
2020-04-18,Jackson,1,2,0,0
2020-04-18,Kandiyohi,0,2,0,0
2020-04-18,Kittson,1,1,0,0
2020-04-18,Koochiching,0,1,0,0
2020-04-18,Lac qui Parle,0,1,0,0
2020-04-18,Le Sueur,0,22,0,0
2020-04-18,Lincoln,0,2,0,0
2020-04-18,Lyon,-1,5,0,0
2020-04-18,Mahnomen,0,1,0,0
2020-04-18,Martin,0,39,0,4
2020-04-18,McLeod,1,3,0,0
2020-04-18,Meeker,0,3,0,0
2020-04-18,Mille Lacs,0,1,0,0
2020-04-18,Mower,1,26,0,0
2020-04-18,Murray,1,3,0,0
2020-04-18,Nicollet,0,7,0,2
2020-04-18,Nobles,24,36,0,0
2020-04-18,Norman,0,2,0,0
2020-04-18,Olmsted,3,177,0,2
2020-04-18,Otter Tail,1,5,0,0
2020-04-18,Pine,1,10,0,0
2020-04-18,Pipestone,1,2,0,0
2020-04-18,Polk,0,2,0,0
2020-04-18,Ramsey,14,192,0,9
2020-04-18,Red Lake,0,1,0,0
2020-04-18,Redwood,0,1,0,0
2020-04-18,Renville,0,3,0,0
2020-04-18,Rice,0,6,0,1
2020-04-18,Rock,0,3,0,0
2020-04-18,Roseau,0,1,0,0
2020-04-18,Scott,0,23,0,1
2020-04-18,Sherburne,0,12,0,0
2020-04-18,Sibley,0,1,0,0
2020-04-18,Stearns,2,16,0,0
2020-04-18,Steele,0,9,0,0
2020-04-18,St. Louis,1,46,1,8
2020-04-18,Swift,0,1,0,0
2020-04-18,Todd,0,2,0,0
2020-04-18,Traverse,0,2,0,0
2020-04-18,Wabasha,0,8,0,0
2020-04-18,Waseca,0,3,0,0
2020-04-18,Washington,0,92,0,3
2020-04-18,Watonwan,0,4,0,0
2020-04-18,Wilkin,1,8,0,2
2020-04-18,Winona,1,57,0,8
2020-04-18,Wright,0,23,0,1
2020-04-18,Yellow Medicine,0,3,0,0
2020-04-19,Aitkin,0,1,0,0
2020-04-19,Anoka,8,93,0,2
2020-04-19,Becker,0,1,0,0
2020-04-19,Beltrami,0,5,0,0
2020-04-19,Benton,0,4,0,0
2020-04-19,Big Stone,0,1,0,0
2020-04-19,Blue Earth,0,23,0,0
2020-04-19,Brown,0,7,0,1
2020-04-19,Carlton,2,36,0,0
2020-04-19,Carver,0,14,0,0
2020-04-19,Cass,0,4,0,0
2020-04-19,Chisago,0,7,0,1
2020-04-19,Clay,7,55,0,2
2020-04-19,Clearwater,0,3,0,0
2020-04-19,Cottonwood,0,6,0,0
2020-04-19,Crow Wing,2,19,0,0
2020-04-19,Dakota,3,116,1,6
2020-04-19,Dodge,1,18,0,0
2020-04-19,Douglas,1,2,0,0
2020-04-19,Faribault,0,4,0,0
2020-04-19,Fillmore,-1,10,0,0
2020-04-19,Freeborn,3,34,0,0
2020-04-19,Goodhue,0,19,0,0
2020-04-19,Hennepin,49,924,6,75
2020-04-19,Houston,0,1,0,0
2020-04-19,Isanti,0,5,0,0
2020-04-19,Itasca,0,2,0,0
2020-04-19,Jackson,0,2,0,0
2020-04-19,Kandiyohi,0,2,0,0
2020-04-19,Kittson,0,1,0,0
2020-04-19,Koochiching,0,1,0,0
2020-04-19,Lac qui Parle,0,1,0,0
2020-04-19,Le Sueur,0,22,0,0
2020-04-19,Lincoln,0,2,0,0
2020-04-19,Lyon,0,5,0,0
2020-04-19,Mahnomen,0,1,0,0
2020-04-19,Marshall,1,1,0,0
2020-04-19,Martin,0,39,0,4
2020-04-19,McLeod,0,3,0,0
2020-04-19,Meeker,0,3,0,0
2020-04-19,Mille Lacs,0,1,1,1
2020-04-19,Morrison,1,1,0,0
2020-04-19,Mower,1,27,0,0
2020-04-19,Murray,0,3,0,0
2020-04-19,Nicollet,0,7,0,2
2020-04-19,Nobles,24,60,0,0
2020-04-19,Norman,2,4,0,0
2020-04-19,Olmsted,17,194,1,3
2020-04-19,Otter Tail,1,6,0,0
2020-04-19,Pine,0,10,0,0
2020-04-19,Pipestone,0,2,0,0
2020-04-19,Polk,1,3,0,0
2020-04-19,Ramsey,4,196,0,9
2020-04-19,Red Lake,0,1,0,0
2020-04-19,Redwood,0,1,0,0
2020-04-19,Renville,0,3,0,0
2020-04-19,Rice,2,8,0,1
2020-04-19,Rock,0,3,0,0
2020-04-19,Roseau,0,1,0,0
2020-04-19,Scott,2,25,0,1
2020-04-19,Sherburne,1,13,0,0
2020-04-19,Sibley,0,1,0,0
2020-04-19,Stearns,0,16,0,0
2020-04-19,Steele,0,9,0,0
2020-04-19,St. Louis,2,48,1,9
2020-04-19,Swift,0,1,0,0
2020-04-19,Todd,0,2,0,0
2020-04-19,Traverse,0,2,0,0
2020-04-19,Wabasha,0,8,0,0
2020-04-19,Waseca,0,3,0,0
2020-04-19,Washington,2,94,1,4
2020-04-19,Watonwan,0,4,0,0
2020-04-19,Wilkin,1,9,0,2
2020-04-19,Winona,4,61,2,10
2020-04-19,Wright,2,25,0,1
2020-04-19,Yellow Medicine,0,3,0,0
2020-04-20,Aitkin,0,1,0,0
2020-04-20,Anoka,2,95,0,2
2020-04-20,Becker,0,1,0,0
2020-04-20,Beltrami,0,5,0,0
2020-04-20,Benton,0,4,0,0
2020-04-20,Big Stone,0,1,0,0
2020-04-20,Blue Earth,1,24,0,0
2020-04-20,Brown,0,7,0,1
2020-04-20,Carlton,1,37,0,0
2020-04-20,Carver,0,14,0,0
2020-04-20,Cass,0,4,0,0
2020-04-20,Chippewa,1,1,0,0
2020-04-20,Chisago,0,7,0,1
2020-04-20,Clay,7,62,1,3
2020-04-20,Clearwater,0,3,0,0
2020-04-20,Cottonwood,0,6,0,0
2020-04-20,Crow Wing,1,20,0,0
2020-04-20,Dakota,8,124,0,6
2020-04-20,Dodge,0,18,0,0
2020-04-20,Douglas,0,2,0,0
2020-04-20,Faribault,0,4,0,0
2020-04-20,Fillmore,1,11,0,0
2020-04-20,Freeborn,-1,33,0,0
2020-04-20,Goodhue,0,19,0,0
2020-04-20,Hennepin,51,975,4,79
2020-04-20,Houston,0,1,0,0
2020-04-20,Isanti,1,6,0,0
2020-04-20,Itasca,0,2,0,0
2020-04-20,Jackson,0,2,0,0
2020-04-20,Kandiyohi,1,3,0,0
2020-04-20,Kittson,0,1,0,0
2020-04-20,Koochiching,0,1,0,0
2020-04-20,Lac qui Parle,0,1,0,0
2020-04-20,Le Sueur,0,22,0,0
2020-04-20,Lincoln,0,2,0,0
2020-04-20,Lyon,0,5,0,0
2020-04-20,Mahnomen,0,1,0,0
2020-04-20,Marshall,0,1,0,0
2020-04-20,Martin,2,41,0,4
2020-04-20,McLeod,0,3,0,0
2020-04-20,Meeker,0,3,0,0
2020-04-20,Mille Lacs,0,1,0,1
2020-04-20,Morrison,0,1,0,0
2020-04-20,Mower,-1,26,0,0
2020-04-20,Murray,0,3,0,0
2020-04-20,Nicollet,0,7,0,2
2020-04-20,Nobles,16,76,0,0
2020-04-20,Norman,1,5,0,0
2020-04-20,Olmsted,3,197,1,4
2020-04-20,Otter Tail,0,6,0,0
2020-04-20,Pine,1,11,0,0
2020-04-20,Pipestone,0,2,0,0
2020-04-20,Polk,0,3,0,0
2020-04-20,Ramsey,6,202,1,10
2020-04-20,Red Lake,1,2,0,0
2020-04-20,Redwood,0,1,0,0
2020-04-20,Renville,0,3,0,0
2020-04-20,Rice,-1,7,0,1
2020-04-20,Rock,1,4,0,0
2020-04-20,Roseau,0,1,0,0
2020-04-20,Scott,2,27,0,1
2020-04-20,Sherburne,0,13,0,0
2020-04-20,Sibley,0,1,0,0
2020-04-20,Stearns,1,17,0,0
2020-04-20,Steele,0,9,0,0
2020-04-20,St. Louis,4,52,1,10
2020-04-20,Swift,0,1,0,0
2020-04-20,Todd,1,3,0,0
2020-04-20,Traverse,0,2,0,0
2020-04-20,Wabasha,0,8,0,0
2020-04-20,Waseca,0,3,0,0
2020-04-20,Washington,3,97,0,4
2020-04-20,Watonwan,0,4,0,0
2020-04-20,Wilkin,0,9,0,2
2020-04-20,Winona,0,61,0,10
2020-04-20,Wright,0,25,0,1
2020-04-20,Yellow Medicine,0,3,0,0
2020-04-21,Aitkin,0,1,0,0
2020-04-21,Anoka,2,97,0,2
2020-04-21,Becker,0,1,0,0
2020-04-21,Beltrami,0,5,0,0
2020-04-21,Benton,0,4,0,0
2020-04-21,Big Stone,0,1,0,0
2020-04-21,Blue Earth,0,24,0,0
2020-04-21,Brown,1,8,0,1
2020-04-21,Carlton,0,37,0,0
2020-04-21,Carver,0,14,0,0
2020-04-21,Cass,0,4,0,0
2020-04-21,Chippewa,0,1,0,0
2020-04-21,Chisago,0,7,0,1
2020-04-21,Clay,6,68,0,3
2020-04-21,Clearwater,0,3,0,0
2020-04-21,Cottonwood,0,6,0,0
2020-04-21,Crow Wing,0,20,0,0
2020-04-21,Dakota,3,127,0,6
2020-04-21,Dodge,0,18,0,0
2020-04-21,Douglas,0,2,0,0
2020-04-21,Faribault,0,4,0,0
2020-04-21,Fillmore,0,11,0,0
2020-04-21,Freeborn,0,33,0,0
2020-04-21,Goodhue,0,19,0,0
2020-04-21,Hennepin,38,1013,16,95
2020-04-21,Houston,0,1,0,0
2020-04-21,Isanti,0,6,0,0
2020-04-21,Itasca,0,2,0,0
2020-04-21,Jackson,0,2,0,0
2020-04-21,Kandiyohi,0,3,0,0
2020-04-21,Kittson,0,1,0,0
2020-04-21,Koochiching,0,1,0,0
2020-04-21,Lac qui Parle,0,1,0,0
2020-04-21,Le Sueur,0,22,0,0
2020-04-21,Lincoln,0,2,0,0
2020-04-21,Lyon,0,5,0,0
2020-04-21,Mahnomen,0,1,0,0
2020-04-21,Marshall,0,1,0,0
2020-04-21,Martin,0,41,0,4
2020-04-21,McLeod,0,3,0,0
2020-04-21,Meeker,0,3,0,0
2020-04-21,Mille Lacs,0,1,0,1
2020-04-21,Morrison,0,1,0,0
2020-04-21,Mower,0,26,0,0
2020-04-21,Murray,0,3,0,0
2020-04-21,Nicollet,0,7,0,2
2020-04-21,Nobles,25,101,0,0
2020-04-21,Norman,0,5,0,0
2020-04-21,Olmsted,1,198,0,4
2020-04-21,Otter Tail,0,6,0,0
2020-04-21,Pennington,1,1,0,0
2020-04-21,Pine,1,12,0,0
2020-04-21,Pipestone,0,2,0,0
2020-04-21,Polk,1,4,0,0
2020-04-21,Ramsey,13,215,1,11
2020-04-21,Red Lake,-1,1,0,0
2020-04-21,Redwood,0,1,0,0
2020-04-21,Renville,0,3,0,0
2020-04-21,Rice,0,7,0,1
2020-04-21,Rock,1,5,0,0
2020-04-21,Roseau,0,1,0,0
2020-04-21,Scott,0,27,0,1
2020-04-21,Sherburne,0,13,0,0
2020-04-21,Sibley,0,1,0,0
2020-04-21,Stearns,1,18,0,0
2020-04-21,Steele,0,9,0,0
2020-04-21,St. Louis,1,53,0,10
2020-04-21,Swift,0,1,0,0
2020-04-21,Todd,0,3,0,0
2020-04-21,Traverse,0,2,0,0
2020-04-21,Wabasha,0,8,0,0
2020-04-21,Waseca,0,3,0,0
2020-04-21,Washington,1,98,1,5
2020-04-21,Watonwan,0,4,0,0
2020-04-21,Wilkin,0,9,0,2
2020-04-21,Winona,0,61,0,10
2020-04-21,Wright,2,27,0,1
2020-04-21,Yellow Medicine,0,3,0,0
2020-04-22,Aitkin,0,1,0,0
2020-04-22,Anoka,8,105,0,2
2020-04-22,Becker,1,2,0,0
2020-04-22,Beltrami,1,6,0,0
2020-04-22,Benton,0,4,0,0
2020-04-22,Big Stone,0,1,0,0
2020-04-22,Blue Earth,2,26,0,0
2020-04-22,Brown,0,8,0,1
2020-04-22,Carlton,1,38,0,0
2020-04-22,Carver,1,15,0,0
2020-04-22,Cass,0,4,0,0
2020-04-22,Chippewa,0,1,0,0
2020-04-22,Chisago,0,7,0,1
2020-04-22,Clay,11,79,0,3
2020-04-22,Clearwater,-1,2,0,0
2020-04-22,Cottonwood,0,6,0,0
2020-04-22,Crow Wing,0,20,0,0
2020-04-22,Dakota,3,130,0,6
2020-04-22,Dodge,0,18,0,0
2020-04-22,Douglas,0,2,0,0
2020-04-22,Faribault,0,4,0,0
2020-04-22,Fillmore,0,11,0,0
2020-04-22,Freeborn,0,33,0,0
2020-04-22,Goodhue,0,19,0,0
2020-04-22,Hennepin,60,1073,18,113
2020-04-22,Houston,0,1,0,0
2020-04-22,Isanti,0,6,0,0
2020-04-22,Itasca,0,2,0,0
2020-04-22,Jackson,1,3,0,0
2020-04-22,Kandiyohi,0,3,0,0
2020-04-22,Kittson,0,1,0,0
2020-04-22,Koochiching,0,1,0,0
2020-04-22,Lac qui Parle,0,1,0,0
2020-04-22,Le Sueur,0,22,0,0
2020-04-22,Lincoln,0,2,0,0
2020-04-22,Lyon,1,6,0,0
2020-04-22,Mahnomen,0,1,0,0
2020-04-22,Marshall,0,1,0,0
2020-04-22,Martin,0,41,0,4
2020-04-22,McLeod,0,3,0,0
2020-04-22,Meeker,0,3,0,0
2020-04-22,Mille Lacs,0,1,0,1
2020-04-22,Morrison,0,1,0,0
2020-04-22,Mower,1,27,0,0
2020-04-22,Murray,0,3,0,0
2020-04-22,Nicollet,1,8,0,2
2020-04-22,Nobles,25,126,1,1
2020-04-22,Norman,1,6,0,0
2020-04-22,Olmsted,6,204,0,4
2020-04-22,Otter Tail,0,6,0,0
2020-04-22,Pennington,0,1,0,0
2020-04-22,Pine,3,15,0,0
2020-04-22,Pipestone,0,2,0,0
2020-04-22,Polk,13,17,0,0
2020-04-22,Ramsey,4,219,0,11
2020-04-22,Red Lake,0,1,0,0
2020-04-22,Redwood,0,1,0,0
2020-04-22,Renville,0,3,0,0
2020-04-22,Rice,0,7,0,1
2020-04-22,Rock,0,5,0,0
2020-04-22,Roseau,0,1,0,0
2020-04-22,Scott,1,28,0,1
2020-04-22,Sherburne,0,13,0,0
2020-04-22,Sibley,0,1,0,0
2020-04-22,Stearns,2,20,0,0
2020-04-22,Steele,1,10,0,0
2020-04-22,St. Louis,1,54,0,10
2020-04-22,Swift,0,1,0,0
2020-04-22,Todd,0,3,0,0
2020-04-22,Traverse,0,2,0,0
2020-04-22,Wabasha,0,8,0,0
2020-04-22,Waseca,0,3,0,0
2020-04-22,Washington,2,100,0,5
2020-04-22,Watonwan,0,4,0,0
2020-04-22,Wilkin,1,10,0,2
2020-04-22,Winona,0,61,0,10
2020-04-22,Wright,3,30,0,1
2020-04-22,Yellow Medicine,0,3,0,0
2020-04-23,Aitkin,0,1,0,0
2020-04-23,Anoka,26,131,0,2
2020-04-23,Becker,0,2,0,0
2020-04-23,Beltrami,0,6,0,0
2020-04-23,Benton,0,4,0,0
2020-04-23,Big Stone,0,1,0,0
2020-04-23,Blue Earth,0,26,0,0
2020-04-23,Brown,0,8,0,1
2020-04-23,Carlton,0,38,0,0
2020-04-23,Carver,0,15,0,0
2020-04-23,Cass,1,5,0,0
2020-04-23,Chippewa,0,1,0,0
2020-04-23,Chisago,0,7,0,1
2020-04-23,Clay,5,84,1,4
2020-04-23,Clearwater,0,2,0,0
2020-04-23,Cottonwood,0,6,0,0
2020-04-23,Crow Wing,0,20,0,0
2020-04-23,Dakota,1,131,0,6
2020-04-23,Dodge,0,18,0,0
2020-04-23,Douglas,0,2,0,0
2020-04-23,Faribault,0,4,0,0
2020-04-23,Fillmore,1,12,1,1
2020-04-23,Freeborn,0,33,0,0
2020-04-23,Goodhue,0,19,0,0
2020-04-23,Hennepin,59,1132,10,123
2020-04-23,Houston,0,1,0,0
2020-04-23,Isanti,0,6,0,0
2020-04-23,Itasca,0,2,0,0
2020-04-23,Jackson,2,5,0,0
2020-04-23,Kandiyohi,1,4,0,0
2020-04-23,Kittson,0,1,0,0
2020-04-23,Koochiching,0,1,0,0
2020-04-23,Lac qui Parle,0,1,0,0
2020-04-23,Le Sueur,0,22,0,0
2020-04-23,Lincoln,0,2,0,0
2020-04-23,Lyon,0,6,0,0
2020-04-23,Mahnomen,0,1,0,0
2020-04-23,Marshall,0,1,0,0
2020-04-23,Martin,0,41,0,4
2020-04-23,McLeod,0,3,0,0
2020-04-23,Meeker,0,3,0,0
2020-04-23,Mille Lacs,0,1,0,1
2020-04-23,Morrison,0,1,0,0
2020-04-23,Mower,0,27,0,0
2020-04-23,Murray,1,4,0,0
2020-04-23,Nicollet,0,8,0,2
2020-04-23,Nobles,70,196,0,1
2020-04-23,Norman,0,6,0,0
2020-04-23,Olmsted,9,213,1,5
2020-04-23,Otter Tail,0,6,0,0
2020-04-23,Pennington,0,1,0,0
2020-04-23,Pine,11,26,0,0
2020-04-23,Pipestone,0,2,0,0
2020-04-23,Polk,2,19,0,0
2020-04-23,Ramsey,16,235,3,14
2020-04-23,Red Lake,0,1,0,0
2020-04-23,Redwood,0,1,0,0
2020-04-23,Renville,0,3,0,0
2020-04-23,Rice,1,8,0,1
2020-04-23,Rock,0,5,0,0
2020-04-23,Roseau,0,1,0,0
2020-04-23,Scott,1,29,0,1
2020-04-23,Sherburne,2,15,0,0
2020-04-23,Sibley,0,1,0,0
2020-04-23,Stearns,5,25,0,0
2020-04-23,Steele,0,10,0,0
2020-04-23,St. Louis,4,58,0,10
2020-04-23,Swift,0,1,0,0
2020-04-23,Todd,0,3,0,0
2020-04-23,Traverse,0,2,0,0
2020-04-23,Wabasha,0,8,0,0
2020-04-23,Waseca,0,3,0,0
2020-04-23,Washington,0,100,2,7
2020-04-23,Watonwan,0,4,0,0
2020-04-23,Wilkin,1,11,0,2
2020-04-23,Winona,1,62,3,13
2020-04-23,Wright,2,32,0,1
2020-04-23,Yellow Medicine,0,3,0,0
2020-04-24,Aitkin,0,1,0,0
2020-04-24,Anoka,11,142,1,3
2020-04-24,Becker,0,2,0,0
2020-04-24,Beltrami,0,6,0,0
2020-04-24,Benton,0,4,0,0
2020-04-24,Big Stone,0,1,0,0
2020-04-24,Blue Earth,1,27,0,0
2020-04-24,Brown,0,8,0,1
2020-04-24,Carlton,8,46,0,0
2020-04-24,Carver,0,15,0,0
2020-04-24,Cass,0,5,0,0
2020-04-24,Chippewa,0,1,0,0
2020-04-24,Chisago,0,7,0,1
2020-04-24,Clay,16,100,0,4
2020-04-24,Clearwater,0,2,0,0
2020-04-24,Cottonwood,0,6,0,0
2020-04-24,Crow Wing,0,20,0,0
2020-04-24,Dakota,5,136,0,6
2020-04-24,Dodge,0,18,0,0
2020-04-24,Douglas,0,2,0,0
2020-04-24,Faribault,0,4,0,0
2020-04-24,Fillmore,0,12,0,1
2020-04-24,Freeborn,0,33,0,0
2020-04-24,Goodhue,0,19,0,0
2020-04-24,Hennepin,68,1200,15,138
2020-04-24,Houston,0,1,0,0
2020-04-24,Isanti,0,6,0,0
2020-04-24,Itasca,0,2,0,0
2020-04-24,Jackson,1,6,0,0
2020-04-24,Kandiyohi,8,12,0,0
2020-04-24,Kittson,0,1,0,0
2020-04-24,Koochiching,0,1,0,0
2020-04-24,Lac qui Parle,0,1,0,0
2020-04-24,Le Sueur,0,22,0,0
2020-04-24,Lincoln,0,2,0,0
2020-04-24,Lyon,0,6,0,0
2020-04-24,Mahnomen,0,1,0,0
2020-04-24,Marshall,0,1,0,0
2020-04-24,Martin,0,41,0,4
2020-04-24,McLeod,0,3,0,0
2020-04-24,Meeker,0,3,0,0
2020-04-24,Mille Lacs,0,1,0,1
2020-04-24,Morrison,0,1,0,0
2020-04-24,Mower,1,28,0,0
2020-04-24,Murray,1,5,0,0
2020-04-24,Nicollet,0,8,0,2
2020-04-24,Nobles,62,258,0,1
2020-04-24,Norman,1,7,0,0
2020-04-24,Olmsted,6,219,1,6
2020-04-24,Otter Tail,0,6,0,0
2020-04-24,Pennington,0,1,0,0
2020-04-24,Pine,17,43,0,0
2020-04-24,Pipestone,0,2,0,0
2020-04-24,Polk,0,19,0,0
2020-04-24,Ramsey,12,247,4,18
2020-04-24,Red Lake,0,1,0,0
2020-04-24,Redwood,0,1,0,0
2020-04-24,Renville,0,3,0,0
2020-04-24,Rice,1,9,0,1
2020-04-24,Rock,0,5,0,0
2020-04-24,Roseau,0,1,0,0
2020-04-24,Scott,1,30,0,1
2020-04-24,Sherburne,0,15,0,0
2020-04-24,Sibley,0,1,0,0
2020-04-24,Stearns,8,33,0,0
2020-04-24,Steele,1,11,0,0
2020-04-24,St. Louis,1,59,0,10
2020-04-24,Swift,0,1,0,0
2020-04-24,Todd,0,3,0,0
2020-04-24,Traverse,0,2,0,0
2020-04-24,Wabasha,0,8,0,0
2020-04-24,Waseca,0,3,0,0
2020-04-24,Washington,7,107,0,7
2020-04-24,Watonwan,1,5,0,0
2020-04-24,Wilkin,0,11,0,2
2020-04-24,Winona,2,64,0,13
2020-04-24,Wright,0,32,0,1
2020-04-24,Yellow Medicine,0,3,0,0
2020-04-25,Aitkin,0,1,0,0
2020-04-25,Anoka,8,150,0,3
2020-04-25,Becker,0,2,0,0
2020-04-25,Beltrami,0,6,0,0
2020-04-25,Benton,0,4,0,0
2020-04-25,Big Stone,1,2,0,0
2020-04-25,Blue Earth,0,27,0,0
2020-04-25,Brown,0,8,0,1
2020-04-25,Carlton,1,47,0,0
2020-04-25,Carver,1,16,0,0
2020-04-25,Cass,0,5,0,0
2020-04-25,Chippewa,1,2,0,0
2020-04-25,Chisago,0,7,0,1
2020-04-25,Clay,13,113,3,7
2020-04-25,Clearwater,0,2,0,0
2020-04-25,Cottonwood,0,6,0,0
2020-04-25,Crow Wing,0,20,0,0
2020-04-25,Dakota,2,138,0,6
2020-04-25,Dodge,1,19,0,0
2020-04-25,Douglas,0,2,0,0
2020-04-25,Faribault,0,4,0,0
2020-04-25,Fillmore,0,12,0,1
2020-04-25,Freeborn,0,33,0,0
2020-04-25,Goodhue,0,19,0,0
2020-04-25,Hennepin,87,1287,17,155
2020-04-25,Houston,0,1,0,0
2020-04-25,Isanti,1,7,0,0
2020-04-25,Itasca,0,2,0,0
2020-04-25,Jackson,1,7,0,0
2020-04-25,Kandiyohi,16,28,0,0
2020-04-25,Kittson,0,1,0,0
2020-04-25,Koochiching,0,1,0,0
2020-04-25,Lac qui Parle,0,1,0,0
2020-04-25,Le Sueur,0,22,0,0
2020-04-25,Lincoln,0,2,0,0
2020-04-25,Lyon,0,6,0,0
2020-04-25,Mahnomen,0,1,0,0
2020-04-25,Marshall,0,1,0,0
2020-04-25,Martin,1,42,0,4
2020-04-25,McLeod,0,3,0,0
2020-04-25,Meeker,1,4,0,0
2020-04-25,Mille Lacs,0,1,0,1
2020-04-25,Morrison,0,1,0,0
2020-04-25,Mower,0,28,0,0
2020-04-25,Murray,3,8,0,0
2020-04-25,Nicollet,1,9,0,2
2020-04-25,Nobles,67,325,0,1
2020-04-25,Norman,0,7,0,0
2020-04-25,Olmsted,19,238,0,6
2020-04-25,Otter Tail,2,8,0,0
2020-04-25,Pennington,0,1,0,0
2020-04-25,Pine,2,45,0,0
2020-04-25,Pipestone,0,2,0,0
2020-04-25,Polk,1,20,0,0
2020-04-25,Ramsey,14,261,2,20
2020-04-25,Red Lake,0,1,0,0
2020-04-25,Redwood,0,1,0,0
2020-04-25,Renville,0,3,0,0
2020-04-25,Rice,0,9,0,1
2020-04-25,Rock,0,5,0,0
2020-04-25,Roseau,0,1,0,0
2020-04-25,Scott,2,32,0,1
2020-04-25,Sherburne,0,15,0,0
2020-04-25,Sibley,0,1,0,0
2020-04-25,Stearns,5,38,0,0
2020-04-25,Steele,1,12,0,0
2020-04-25,St. Louis,2,61,0,10
2020-04-25,Swift,0,1,0,0
2020-04-25,Todd,0,3,0,0
2020-04-25,Traverse,0,2,0,0
2020-04-25,Wabasha,0,8,0,0
2020-04-25,Waseca,0,3,0,0
2020-04-25,Washington,5,112,0,7
2020-04-25,Watonwan,0,5,0,0
2020-04-25,Wilkin,0,11,1,3
2020-04-25,Winona,2,66,0,13
2020-04-25,Wright,1,33,0,1
2020-04-25,Yellow Medicine,0,3,0,0
2020-04-26,Aitkin,0,1,0,0
2020-04-26,Anoka,15,165,2,5
2020-04-26,Becker,0,2,0,0
2020-04-26,Beltrami,0,6,0,0
2020-04-26,Benton,0,4,0,0
2020-04-26,Big Stone,0,2,0,0
2020-04-26,Blue Earth,2,29,0,0
2020-04-26,Brown,0,8,0,1
2020-04-26,Carlton,4,51,0,0
2020-04-26,Carver,1,17,0,0
2020-04-26,Cass,0,5,0,0
2020-04-26,Chippewa,0,2,0,0
2020-04-26,Chisago,0,7,0,1
2020-04-26,Clay,12,125,2,9
2020-04-26,Clearwater,0,2,0,0
2020-04-26,Cottonwood,0,6,0,0
2020-04-26,Crow Wing,0,20,0,0
2020-04-26,Dakota,5,143,1,7
2020-04-26,Dodge,0,19,0,0
2020-04-26,Douglas,0,2,0,0
2020-04-26,Faribault,0,4,0,0
2020-04-26,Fillmore,0,12,0,1
2020-04-26,Freeborn,0,33,0,0
2020-04-26,Goodhue,0,19,0,0
2020-04-26,Hennepin,45,1332,22,177
2020-04-26,Houston,0,1,0,0
2020-04-26,Isanti,-1,6,0,0
2020-04-26,Itasca,0,2,0,0
2020-04-26,Jackson,0,7,0,0
2020-04-26,Kandiyohi,7,35,0,0
2020-04-26,Kittson,0,1,0,0
2020-04-26,Koochiching,0,1,0,0
2020-04-26,Lac qui Parle,0,1,0,0
2020-04-26,Le Sueur,0,22,0,0
2020-04-26,Lincoln,0,2,0,0
2020-04-26,Lyon,0,6,0,0
2020-04-26,Mahnomen,0,1,0,0
2020-04-26,Marshall,0,1,0,0
2020-04-26,Martin,1,43,0,4
2020-04-26,McLeod,0,3,0,0
2020-04-26,Meeker,2,6,0,0
2020-04-26,Mille Lacs,0,1,0,1
2020-04-26,Morrison,0,1,0,0
2020-04-26,Mower,0,28,0,0
2020-04-26,Murray,0,8,0,0
2020-04-26,Nicollet,0,9,0,2
2020-04-26,Nobles,27,352,0,1
2020-04-26,Norman,0,7,0,0
2020-04-26,Olmsted,1,239,0,6
2020-04-26,Otter Tail,0,8,0,0
2020-04-26,Pennington,0,1,0,0
2020-04-26,Pine,7,52,0,0
2020-04-26,Pipestone,0,2,0,0
2020-04-26,Polk,3,23,0,0
2020-04-26,Ramsey,17,278,0,20
2020-04-26,Red Lake,0,1,0,0
2020-04-26,Redwood,0,1,0,0
2020-04-26,Renville,0,3,0,0
2020-04-26,Rice,0,9,0,1
2020-04-26,Rock,0,5,0,0
2020-04-26,Roseau,0,1,0,0
2020-04-26,Scott,0,32,0,1
2020-04-26,Sherburne,1,16,0,0
2020-04-26,Sibley,0,1,0,0
2020-04-26,Stearns,0,38,0,0
2020-04-26,Steele,0,12,0,0
2020-04-26,St. Louis,2,63,0,10
2020-04-26,Swift,0,1,0,0
2020-04-26,Todd,0,3,0,0
2020-04-26,Traverse,0,2,0,0
2020-04-26,Wabasha,0,8,0,0
2020-04-26,Waseca,0,3,0,0
2020-04-26,Washington,1,113,1,8
2020-04-26,Watonwan,2,7,0,0
2020-04-26,Wilkin,0,11,0,3
2020-04-26,Winona,0,66,0,13
2020-04-26,Wright,0,33,0,1
2020-04-26,Yellow Medicine,0,3,0,0
2020-04-27,Aitkin,0,1,0,0
2020-04-27,Anoka,3,168,0,5
2020-04-27,Becker,0,2,0,0
2020-04-27,Beltrami,0,6,0,0
2020-04-27,Benton,0,4,0,0
2020-04-27,Big Stone,0,2,0,0
2020-04-27,Blue Earth,1,30,0,0
2020-04-27,Brown,0,8,0,1
2020-04-27,Carlton,1,52,0,0
2020-04-27,Carver,0,17,0,0
2020-04-27,Cass,0,5,0,0
2020-04-27,Chippewa,0,2,0,0
2020-04-27,Chisago,0,7,0,1
2020-04-27,Clay,6,131,0,9
2020-04-27,Clearwater,0,2,0,0
2020-04-27,Cottonwood,3,9,0,0
2020-04-27,Crow Wing,0,20,0,0
2020-04-27,Dakota,1,144,0,7
2020-04-27,Dodge,0,19,0,0
2020-04-27,Douglas,0,2,0,0
2020-04-27,Faribault,0,4,0,0
2020-04-27,Fillmore,0,12,0,1
2020-04-27,Freeborn,0,33,0,0
2020-04-27,Goodhue,0,19,0,0
2020-04-27,Hennepin,84,1416,11,188
2020-04-27,Houston,0,1,0,0
2020-04-27,Isanti,0,6,0,0
2020-04-27,Itasca,0,2,0,0
2020-04-27,Jackson,1,8,0,0
2020-04-27,Kandiyohi,4,39,0,0
2020-04-27,Kittson,0,1,0,0
2020-04-27,Koochiching,0,1,0,0
2020-04-27,Lac qui Parle,0,1,0,0
2020-04-27,Le Sueur,1,23,0,0
2020-04-27,Lincoln,0,2,0,0
2020-04-27,Lyon,0,6,0,0
2020-04-27,Mahnomen,0,1,0,0
2020-04-27,Marshall,0,1,0,0
2020-04-27,Martin,0,43,0,4
2020-04-27,McLeod,1,4,0,0
2020-04-27,Meeker,0,6,0,0
2020-04-27,Mille Lacs,0,1,0,1
2020-04-27,Morrison,0,1,0,0
2020-04-27,Mower,0,28,0,0
2020-04-27,Murray,2,10,0,0
2020-04-27,Nicollet,0,9,0,2
2020-04-27,Nobles,47,399,0,1
2020-04-27,Norman,0,7,0,0
2020-04-27,Olmsted,7,246,0,6
2020-04-27,Otter Tail,0,8,0,0
2020-04-27,Pennington,0,1,0,0
2020-04-27,Pine,4,56,0,0
2020-04-27,Pipestone,0,2,0,0
2020-04-27,Polk,1,24,0,0
2020-04-27,Ramsey,19,297,2,22
2020-04-27,Red Lake,0,1,0,0
2020-04-27,Redwood,0,1,0,0
2020-04-27,Renville,0,3,0,0
2020-04-27,Rice,1,10,0,1
2020-04-27,Rock,1,6,0,0
2020-04-27,Roseau,0,1,0,0
2020-04-27,Scott,3,35,0,1
2020-04-27,Sherburne,0,16,0,0
2020-04-27,Sibley,0,1,0,0
2020-04-27,Stearns,17,55,0,0
2020-04-27,Steele,2,14,0,0
2020-04-27,St. Louis,4,67,0,10
2020-04-27,Swift,0,1,0,0
2020-04-27,Todd,0,3,0,0
2020-04-27,Traverse,0,2,0,0
2020-04-27,Wabasha,0,8,0,0
2020-04-27,Waseca,0,3,0,0
2020-04-27,Washington,1,114,0,8
2020-04-27,Watonwan,0,7,0,0
2020-04-27,Wilkin,0,11,0,3
2020-04-27,Winona,0,66,1,14
2020-04-27,Wright,1,34,0,1
2020-04-27,Yellow Medicine,0,3,0,0
2020-04-28,Aitkin,0,1,0,0
2020-04-28,Anoka,18,186,3,8
2020-04-28,Becker,0,2,0,0
2020-04-28,Beltrami,0,6,0,0
2020-04-28,Benton,2,6,0,0
2020-04-28,Big Stone,0,2,0,0
2020-04-28,Blue Earth,3,33,0,0
2020-04-28,Brown,0,8,0,1
2020-04-28,Carlton,1,53,0,0
2020-04-28,Carver,2,19,0,0
2020-04-28,Cass,0,5,0,0
2020-04-28,Chippewa,0,2,0,0
2020-04-28,Chisago,2,9,0,1
2020-04-28,Clay,18,149,1,10
2020-04-28,Clearwater,0,2,0,0
2020-04-28,Cottonwood,2,11,0,0
2020-04-28,Crow Wing,0,20,1,1
2020-04-28,Dakota,12,156,2,9
2020-04-28,Dodge,0,19,0,0
2020-04-28,Douglas,0,2,0,0
2020-04-28,Faribault,0,4,0,0
2020-04-28,Fillmore,0,12,0,1
2020-04-28,Freeborn,1,34,0,0
2020-04-28,Goodhue,0,19,0,0
2020-04-28,Hennepin,108,1524,5,193
2020-04-28,Houston,0,1,0,0
2020-04-28,Isanti,0,6,0,0
2020-04-28,Itasca,0,2,0,0
2020-04-28,Jackson,1,9,0,0
2020-04-28,Kandiyohi,25,64,1,1
2020-04-28,Kittson,0,1,0,0
2020-04-28,Koochiching,0,1,0,0
2020-04-28,Lac qui Parle,0,1,0,0
2020-04-28,Le Sueur,1,24,0,0
2020-04-28,Lincoln,0,2,0,0
2020-04-28,Lyon,0,6,0,0
2020-04-28,Mahnomen,0,1,0,0
2020-04-28,Marshall,0,1,0,0
2020-04-28,Martin,9,52,0,4
2020-04-28,McLeod,0,4,0,0
2020-04-28,Meeker,3,9,0,0
2020-04-28,Mille Lacs,1,2,0,1
2020-04-28,Morrison,0,1,0,0
2020-04-28,Mower,0,28,0,0
2020-04-28,Murray,0,10,0,0
2020-04-28,Nicollet,0,9,0,2
2020-04-28,Nobles,78,477,0,1
2020-04-28,Norman,0,7,0,0
2020-04-28,Olmsted,5,251,0,6
2020-04-28,Otter Tail,0,8,0,0
2020-04-28,Pennington,0,1,0,0
2020-04-28,Pine,0,56,0,0
2020-04-28,Pipestone,0,2,0,0
2020-04-28,Polk,2,26,0,0
2020-04-28,Ramsey,20,317,0,22
2020-04-28,Red Lake,0,1,0,0
2020-04-28,Redwood,0,1,0,0
2020-04-28,Renville,0,3,0,0
2020-04-28,Rice,1,11,0,1
2020-04-28,Rock,2,8,0,0
2020-04-28,Roseau,0,1,0,0
2020-04-28,Scott,1,36,0,1
2020-04-28,Sherburne,3,19,0,0
2020-04-28,Sibley,1,2,0,0
2020-04-28,Stearns,31,86,0,0
2020-04-28,Steele,0,14,0,0
2020-04-28,St. Louis,2,69,1,11
2020-04-28,Swift,1,2,0,0
2020-04-28,Todd,1,4,0,0
2020-04-28,Traverse,0,2,0,0
2020-04-28,Wabasha,0,8,0,0
2020-04-28,Wadena,1,1,0,0
2020-04-28,Waseca,1,4,0,0
2020-04-28,Washington,3,117,1,9
2020-04-28,Watonwan,0,7,0,0
2020-04-28,Wilkin,1,12,0,3
2020-04-28,Winona,0,66,0,14
2020-04-28,Wright,1,35,0,1
2020-04-28,Yellow Medicine,0,3,0,0
2020-04-29,Aitkin,0,1,0,0
2020-04-29,Anoka,10,196,0,8
2020-04-29,Becker,0,2,0,0
2020-04-29,Beltrami,0,6,0,0
2020-04-29,Benton,4,10,0,0
2020-04-29,Big Stone,0,2,0,0
2020-04-29,Blue Earth,1,34,0,0
2020-04-29,Brown,0,8,0,1
2020-04-29,Carlton,2,55,0,0
2020-04-29,Carver,1,20,0,0
2020-04-29,Cass,0,5,0,0
2020-04-29,Chippewa,0,2,0,0
2020-04-29,Chisago,1,10,0,1
2020-04-29,Clay,3,152,0,10
2020-04-29,Clearwater,0,2,0,0
2020-04-29,Cottonwood,9,20,0,0
2020-04-29,Crow Wing,0,20,0,1
2020-04-29,Dakota,1,157,0,9
2020-04-29,Dodge,0,19,0,0
2020-04-29,Douglas,0,2,0,0
2020-04-29,Faribault,1,5,0,0
2020-04-29,Fillmore,0,12,0,1
2020-04-29,Freeborn,0,34,0,0
2020-04-29,Goodhue,0,19,0,0
2020-04-29,Hennepin,109,1633,16,209
2020-04-29,Houston,0,1,0,0
2020-04-29,Isanti,0,6,0,0
2020-04-29,Itasca,1,3,0,0
2020-04-29,Jackson,3,12,0,0
2020-04-29,Kandiyohi,24,88,0,1
2020-04-29,Kittson,0,1,0,0
2020-04-29,Koochiching,0,1,0,0
2020-04-29,Lac qui Parle,0,1,0,0
2020-04-29,Le Sueur,0,24,0,0
2020-04-29,Lincoln,1,3,0,0
2020-04-29,Lyon,0,6,0,0
2020-04-29,Mahnomen,0,1,0,0
2020-04-29,Marshall,0,1,0,0
2020-04-29,Martin,18,70,0,4
2020-04-29,McLeod,0,4,0,0
2020-04-29,Meeker,0,9,0,0
2020-04-29,Mille Lacs,0,2,0,1
2020-04-29,Morrison,1,2,0,0
2020-04-29,Mower,0,28,0,0
2020-04-29,Murray,1,11,0,0
2020-04-29,Nicollet,0,9,0,2
2020-04-29,Nobles,138,615,0,1
2020-04-29,Norman,1,8,0,0
2020-04-29,Olmsted,5,256,0,6
2020-04-29,Otter Tail,0,8,0,0
2020-04-29,Pennington,0,1,0,0
2020-04-29,Pine,0,56,0,0
2020-04-29,Pipestone,0,2,0,0
2020-04-29,Polk,1,27,0,0
2020-04-29,Ramsey,15,332,2,24
2020-04-29,Red Lake,0,1,0,0
2020-04-29,Redwood,0,1,0,0
2020-04-29,Renville,1,4,0,0
2020-04-29,Rice,1,12,0,1
2020-04-29,Rock,1,9,0,0
2020-04-29,Roseau,0,1,0,0
2020-04-29,Scott,5,41,0,1
2020-04-29,Sherburne,7,26,0,0
2020-04-29,Sibley,0,2,0,0
2020-04-29,Stearns,80,166,0,0
2020-04-29,Steele,1,15,0,0
2020-04-29,St. Louis,2,71,0,11
2020-04-29,Swift,0,2,0,0
2020-04-29,Todd,3,7,0,0
2020-04-29,Traverse,0,2,0,0
2020-04-29,Wabasha,0,8,0,0
2020-04-29,Wadena,0,1,0,0
2020-04-29,Waseca,0,4,0,0
2020-04-29,Washington,3,120,0,9
2020-04-29,Watonwan,2,9,0,0
2020-04-29,Wilkin,0,12,0,3
2020-04-29,Winona,0,66,0,14
2020-04-29,Wright,5,40,0,1
2020-04-29,Yellow Medicine,0,3,0,0
2020-04-30,Aitkin,0,1,0,0
2020-04-30,Anoka,16,212,2,10
2020-04-30,Becker,0,2,0,0
2020-04-30,Beltrami,0,6,0,0
2020-04-30,Benton,5,15,0,0
2020-04-30,Big Stone,0,2,0,0
2020-04-30,Blue Earth,4,38,0,0
2020-04-30,Brown,0,8,0,1
2020-04-30,Carlton,4,59,0,0
2020-04-30,Carver,1,21,0,0
2020-04-30,Cass,0,5,0,0
2020-04-30,Chippewa,0,2,0,0
2020-04-30,Chisago,1,11,0,1
2020-04-30,Clay,5,157,1,11
2020-04-30,Clearwater,0,2,0,0
2020-04-30,Cottonwood,0,20,0,0
2020-04-30,Crow Wing,0,20,0,1
2020-04-30,Dakota,5,162,1,10
2020-04-30,Dodge,2,21,0,0
2020-04-30,Douglas,0,2,0,0
2020-04-30,Faribault,0,5,0,0
2020-04-30,Fillmore,0,12,0,1
2020-04-30,Freeborn,0,34,0,0
2020-04-30,Goodhue,0,19,0,0
2020-04-30,Hennepin,105,1738,16,225
2020-04-30,Houston,0,1,0,0
2020-04-30,Isanti,0,6,0,0
2020-04-30,Itasca,2,5,0,0
2020-04-30,Jackson,2,14,0,0
2020-04-30,Kandiyohi,3,91,0,1
2020-04-30,Kittson,0,1,0,0
2020-04-30,Koochiching,0,1,0,0
2020-04-30,Lac qui Parle,0,1,0,0
2020-04-30,Le Sueur,0,24,0,0
2020-04-30,Lincoln,0,3,0,0
2020-04-30,Lyon,1,7,0,0
2020-04-30,Mahnomen,1,2,0,0
2020-04-30,Marshall,0,1,0,0
2020-04-30,Martin,18,88,0,4
2020-04-30,McLeod,0,4,0,0
2020-04-30,Meeker,2,11,0,0
2020-04-30,Mille Lacs,0,2,0,1
2020-04-30,Morrison,3,5,0,0
2020-04-30,Mower,0,28,0,0
2020-04-30,Murray,2,13,0,0
2020-04-30,Nicollet,2,11,0,2
2020-04-30,Nobles,127,742,0,1
2020-04-30,Norman,0,8,0,0
2020-04-30,Olmsted,9,265,0,6
2020-04-30,Otter Tail,1,9,0,0
2020-04-30,Pennington,0,1,0,0
2020-04-30,Pine,0,56,0,0
2020-04-30,Pipestone,0,2,0,0
2020-04-30,Polk,0,27,0,0
2020-04-30,Ramsey,42,374,2,26
2020-04-30,Red Lake,0,1,0,0
2020-04-30,Redwood,1,2,0,0
2020-04-30,Renville,0,4,0,0
2020-04-30,Rice,2,14,0,1
2020-04-30,Rock,2,11,0,0
2020-04-30,Roseau,0,1,0,0
2020-04-30,Scott,3,44,0,1
2020-04-30,Sherburne,2,28,0,0
2020-04-30,Sibley,0,2,0,0
2020-04-30,Stearns,101,267,0,0
2020-04-30,Steele,1,16,0,0
2020-04-30,St. Louis,0,71,0,11
2020-04-30,Swift,0,2,0,0
2020-04-30,Todd,0,7,0,0
2020-04-30,Traverse,0,2,0,0
2020-04-30,Wabasha,0,8,0,0
2020-04-30,Wadena,0,1,0,0
2020-04-30,Waseca,0,4,0,0
2020-04-30,Washington,11,131,1,10
2020-04-30,Watonwan,2,11,0,0
2020-04-30,Wilkin,0,12,0,3
2020-04-30,Winona,0,66,1,15
2020-04-30,Wright,2,42,0,1
2020-04-30,Yellow Medicine,0,3,0,0
2020-05-01,Aitkin,0,1,0,0
2020-05-01,Anoka,19,231,1,11
2020-05-01,Becker,3,5,0,0
2020-05-01,Beltrami,0,6,0,0
2020-05-01,Benton,6,21,1,1
2020-05-01,Big Stone,0,2,0,0
2020-05-01,Blue Earth,0,38,0,0
2020-05-01,Brown,0,8,0,1
2020-05-01,Carlton,0,59,0,0
2020-05-01,Carver,0,21,0,0
2020-05-01,Cass,0,5,0,0
2020-05-01,Chippewa,0,2,0,0
2020-05-01,Chisago,1,12,0,1
2020-05-01,Clay,8,165,0,11
2020-05-01,Clearwater,0,2,0,0
2020-05-01,Cottonwood,3,23,0,0
2020-05-01,Crow Wing,1,21,0,1
2020-05-01,Dakota,9,171,1,11
2020-05-01,Dodge,1,22,0,0
2020-05-01,Douglas,-1,1,0,0
2020-05-01,Faribault,0,5,0,0
2020-05-01,Fillmore,0,12,0,1
2020-05-01,Freeborn,1,35,0,0
2020-05-01,Goodhue,0,19,0,0
2020-05-01,Hennepin,91,1829,18,243
2020-05-01,Houston,0,1,0,0
2020-05-01,Isanti,0,6,0,0
2020-05-01,Itasca,1,6,0,0
2020-05-01,Jackson,2,16,0,0
2020-05-01,Kanabec,1,1,0,0
2020-05-01,Kandiyohi,44,135,0,1
2020-05-01,Kittson,0,1,0,0
2020-05-01,Koochiching,0,1,0,0
2020-05-01,Lac qui Parle,0,1,0,0
2020-05-01,Le Sueur,1,25,0,0
2020-05-01,Lincoln,0,3,0,0
2020-05-01,Lyon,0,7,0,0
2020-05-01,Mahnomen,0,2,0,0
2020-05-01,Marshall,1,2,0,0
2020-05-01,Martin,23,111,0,4
2020-05-01,McLeod,0,4,0,0
2020-05-01,Meeker,3,14,0,0
2020-05-01,Mille Lacs,0,2,0,1
2020-05-01,Morrison,1,6,0,0
2020-05-01,Mower,0,28,0,0
2020-05-01,Murray,3,16,0,0
2020-05-01,Nicollet,2,13,0,2
2020-05-01,Nobles,124,866,0,1
2020-05-01,Norman,0,8,0,0
2020-05-01,Olmsted,4,269,2,8
2020-05-01,Otter Tail,5,14,0,0
2020-05-01,Pennington,0,1,0,0
2020-05-01,Pine,2,58,0,0
2020-05-01,Pipestone,0,2,0,0
2020-05-01,Polk,5,32,0,0
2020-05-01,Ramsey,31,405,3,29
2020-05-01,Red Lake,0,1,0,0
2020-05-01,Redwood,1,3,0,0
2020-05-01,Renville,0,4,0,0
2020-05-01,Rice,0,14,0,1
2020-05-01,Rock,1,12,0,0
2020-05-01,Roseau,0,1,0,0
2020-05-01,Scott,2,46,0,1
2020-05-01,Sherburne,11,39,0,0
2020-05-01,Sibley,0,2,0,0
2020-05-01,Stearns,168,435,0,0
2020-05-01,Steele,2,18,0,0
2020-05-01,St. Louis,2,73,0,11
2020-05-01,Swift,0,2,0,0
2020-05-01,Todd,0,7,0,0
2020-05-01,Traverse,0,2,0,0
2020-05-01,Wabasha,1,9,0,0
2020-05-01,Wadena,0,1,0,0
2020-05-01,Waseca,0,4,0,0
2020-05-01,Washington,2,133,1,11
2020-05-01,Watonwan,3,14,0,0
2020-05-01,Wilkin,0,12,0,3
2020-05-01,Winona,0,66,0,15
2020-05-01,Wright,1,43,0,1
2020-05-01,Yellow Medicine,0,3,0,0
2020-05-02,Aitkin,0,1,0,0
2020-05-02,Anoka,29,260,3,14
2020-05-02,Becker,5,10,0,0
2020-05-02,Beltrami,0,6,0,0
2020-05-02,Benton,8,29,0,1
2020-05-02,Big Stone,0,2,0,0
2020-05-02,Blue Earth,3,41,0,0
2020-05-02,Brown,0,8,0,1
2020-05-02,Carlton,0,59,0,0
2020-05-02,Carver,4,25,0,0
2020-05-02,Cass,2,7,0,0
2020-05-02,Chippewa,0,2,0,0
2020-05-02,Chisago,1,13,0,1
2020-05-02,Clay,4,169,2,13
2020-05-02,Clearwater,0,2,0,0
2020-05-02,Cottonwood,4,27,0,0
2020-05-02,Crow Wing,0,21,0,1
2020-05-02,Dakota,18,189,0,11
2020-05-02,Dodge,0,22,0,0
2020-05-02,Douglas,2,3,0,0
2020-05-02,Faribault,1,6,0,0
2020-05-02,Fillmore,1,13,0,1
2020-05-02,Freeborn,0,35,0,0
2020-05-02,Goodhue,2,21,0,0
2020-05-02,Grant,1,1,0,0
2020-05-02,Hennepin,151,1980,16,259
2020-05-02,Houston,0,1,0,0
2020-05-02,Isanti,0,6,0,0
2020-05-02,Itasca,1,7,0,0
2020-05-02,Jackson,2,18,0,0
2020-05-02,Kanabec,0,1,0,0
2020-05-02,Kandiyohi,10,145,0,1
2020-05-02,Kittson,0,1,0,0
2020-05-02,Koochiching,0,1,0,0
2020-05-02,Lac qui Parle,0,1,0,0
2020-05-02,Le Sueur,0,25,0,0
2020-05-02,Lincoln,0,3,0,0
2020-05-02,Lyon,1,8,0,0
2020-05-02,Mahnomen,0,2,0,0
2020-05-02,Marshall,1,3,0,0
2020-05-02,Martin,-1,110,0,4
2020-05-02,McLeod,0,4,0,0
2020-05-02,Meeker,0,14,0,0
2020-05-02,Mille Lacs,0,2,0,1
2020-05-02,Morrison,0,6,0,0
2020-05-02,Mower,0,28,0,0
2020-05-02,Murray,0,16,0,0
2020-05-02,Nicollet,2,15,0,2
2020-05-02,Nobles,33,899,0,1
2020-05-02,Norman,0,8,0,0
2020-05-02,Olmsted,13,282,0,8
2020-05-02,Otter Tail,3,17,0,0
2020-05-02,Pennington,0,1,0,0
2020-05-02,Pine,0,58,0,0
2020-05-02,Pipestone,1,3,0,0
2020-05-02,Polk,4,36,0,0
2020-05-02,Ramsey,48,453,2,31
2020-05-02,Red Lake,0,1,0,0
2020-05-02,Redwood,0,3,0,0
2020-05-02,Renville,1,5,0,0
2020-05-02,Rice,4,18,0,1
2020-05-02,Rock,4,16,0,0
2020-05-02,Roseau,0,1,0,0
2020-05-02,Scott,6,52,0,1
2020-05-02,Sherburne,11,50,0,0
2020-05-02,Sibley,0,2,0,0
2020-05-02,Stearns,96,531,0,0
2020-05-02,Steele,2,20,0,0
2020-05-02,St. Louis,1,74,0,11
2020-05-02,Swift,0,2,0,0
2020-05-02,Todd,1,8,0,0
2020-05-02,Traverse,0,2,0,0
2020-05-02,Wabasha,1,10,0,0
2020-05-02,Wadena,0,1,0,0
2020-05-02,Waseca,1,5,0,0
2020-05-02,Washington,9,142,1,12
2020-05-02,Watonwan,0,14,0,0
2020-05-02,Wilkin,-1,11,0,3
2020-05-02,Winona,1,67,0,15
2020-05-02,Wright,5,48,0,1
2020-05-02,Yellow Medicine,0,3,0,0
2020-05-03,Aitkin,0,1,0,0
2020-05-03,Anoka,21,281,3,17
2020-05-03,Becker,0,10,0,0
2020-05-03,Beltrami,0,6,0,0
2020-05-03,Benton,3,32,0,1
2020-05-03,Big Stone,0,2,0,0
2020-05-03,Blue Earth,5,46,0,0
2020-05-03,Brown,0,8,0,1
2020-05-03,Carlton,1,60,0,0
2020-05-03,Carver,1,26,0,0
2020-05-03,Cass,0,7,0,0
2020-05-03,Chippewa,1,3,0,0
2020-05-03,Chisago,0,13,0,1
2020-05-03,Clay,7,176,0,13
2020-05-03,Clearwater,0,2,0,0
2020-05-03,Cottonwood,1,28,0,0
2020-05-03,Crow Wing,0,21,0,1
2020-05-03,Dakota,13,202,0,11
2020-05-03,Dodge,0,22,0,0
2020-05-03,Douglas,0,3,0,0
2020-05-03,Faribault,0,6,0,0
2020-05-03,Fillmore,0,13,0,1
2020-05-03,Freeborn,0,35,0,0
2020-05-03,Goodhue,0,21,0,0
2020-05-03,Grant,0,1,0,0
2020-05-03,Hennepin,171,2151,18,277
2020-05-03,Houston,0,1,0,0
2020-05-03,Isanti,0,6,0,0
2020-05-03,Itasca,4,11,0,0
2020-05-03,Jackson,0,18,0,0
2020-05-03,Kanabec,0,1,0,0
2020-05-03,Kandiyohi,22,167,0,1
2020-05-03,Kittson,0,1,0,0
2020-05-03,Koochiching,0,1,0,0
2020-05-03,Lac qui Parle,0,1,0,0
2020-05-03,Le Sueur,1,26,0,0
2020-05-03,Lincoln,0,3,0,0
2020-05-03,Lyon,1,9,0,0
2020-05-03,Mahnomen,0,2,0,0
2020-05-03,Marshall,2,5,0,0
2020-05-03,Martin,-1,109,0,4
2020-05-03,McLeod,0,4,0,0
2020-05-03,Meeker,1,15,0,0
2020-05-03,Mille Lacs,0,2,0,1
2020-05-03,Morrison,0,6,0,0
2020-05-03,Mower,0,28,0,0
2020-05-03,Murray,1,17,0,0
2020-05-03,Nicollet,0,15,0,2
2020-05-03,Nobles,41,940,0,1
2020-05-03,Norman,0,8,0,0
2020-05-03,Olmsted,11,293,0,8
2020-05-03,Otter Tail,0,17,0,0
2020-05-03,Pennington,0,1,0,0
2020-05-03,Pine,0,58,0,0
2020-05-03,Pipestone,0,3,0,0
2020-05-03,Polk,5,41,0,0
2020-05-03,Ramsey,40,493,3,34
2020-05-03,Red Lake,0,1,0,0
2020-05-03,Redwood,0,3,0,0
2020-05-03,Renville,0,5,0,0
2020-05-03,Rice,2,20,0,1
2020-05-03,Rock,0,16,0,0
2020-05-03,Roseau,0,1,0,0
2020-05-03,Scott,6,58,0,1
2020-05-03,Sherburne,4,54,0,0
2020-05-03,Sibley,0,2,0,0
2020-05-03,Stearns,58,589,0,0
2020-05-03,Steele,1,21,0,0
2020-05-03,St. Louis,1,75,0,11
2020-05-03,Swift,0,2,0,0
2020-05-03,Todd,0,8,0,0
2020-05-03,Traverse,0,2,0,0
2020-05-03,Wabasha,0,10,0,0
2020-05-03,Wadena,0,1,0,0
2020-05-03,Waseca,1,6,0,0
2020-05-03,Washington,4,146,0,12
2020-05-03,Watonwan,0,14,0,0
2020-05-03,Wilkin,0,11,0,3
2020-05-03,Winona,0,67,0,15
2020-05-03,Wright,2,50,0,1
2020-05-03,Yellow Medicine,0,3,0,0
2020-05-04,Aitkin,0,1,0,0
2020-05-04,Anoka,18,299,0,17
2020-05-04,Becker,3,13,0,0
2020-05-04,Beltrami,0,6,0,0
2020-05-04,Benton,3,35,0,1
2020-05-04,Big Stone,0,2,0,0
2020-05-04,Blue Earth,4,50,0,0
2020-05-04,Brown,1,9,0,1
2020-05-04,Carlton,0,60,0,0
2020-05-04,Carver,1,27,0,0
2020-05-04,Cass,0,7,0,0
2020-05-04,Chippewa,0,3,0,0
2020-05-04,Chisago,0,13,0,1
2020-05-04,Clay,14,190,0,13
2020-05-04,Clearwater,0,2,0,0
2020-05-04,Cottonwood,9,37,0,0
2020-05-04,Crow Wing,0,21,0,1
2020-05-04,Dakota,13,215,0,11
2020-05-04,Dodge,-1,21,0,0
2020-05-04,Douglas,4,7,0,0
2020-05-04,Faribault,1,7,0,0
2020-05-04,Fillmore,0,13,0,1
2020-05-04,Freeborn,1,36,0,0
2020-05-04,Goodhue,2,23,0,0
2020-05-04,Grant,0,1,0,0
2020-05-04,Hennepin,147,2298,7,284
2020-05-04,Houston,0,1,0,0
2020-05-04,Isanti,0,6,0,0
2020-05-04,Itasca,1,12,0,0
2020-05-04,Jackson,6,24,0,0
2020-05-04,Kanabec,0,1,0,0
2020-05-04,Kandiyohi,21,188,0,1
2020-05-04,Kittson,0,1,0,0
2020-05-04,Koochiching,0,1,0,0
2020-05-04,Lac qui Parle,1,2,0,0
2020-05-04,Le Sueur,0,26,0,0
2020-05-04,Lincoln,0,3,0,0
2020-05-04,Lyon,0,9,0,0
2020-05-04,Mahnomen,0,2,0,0
2020-05-04,Marshall,2,7,0,0
2020-05-04,Martin,-1,108,0,4
2020-05-04,McLeod,0,4,0,0
2020-05-04,Meeker,2,17,0,0
2020-05-04,Mille Lacs,1,3,0,1
2020-05-04,Morrison,0,6,0,0
2020-05-04,Mower,4,32,0,0
2020-05-04,Murray,0,17,0,0
2020-05-04,Nicollet,1,16,0,2
2020-05-04,Nobles,71,1011,0,1
2020-05-04,Norman,1,9,0,0
2020-05-04,Olmsted,12,305,0,8
2020-05-04,Otter Tail,1,18,0,0
2020-05-04,Pennington,0,1,0,0
2020-05-04,Pine,2,60,0,0
2020-05-04,Pipestone,1,4,0,0
2020-05-04,Polk,1,42,0,0
2020-05-04,Ramsey,42,535,0,34
2020-05-04,Red Lake,0,1,0,0
2020-05-04,Redwood,0,3,0,0
2020-05-04,Renville,0,5,0,0
2020-05-04,Rice,4,24,0,1
2020-05-04,Rock,0,16,0,0
2020-05-04,Roseau,0,1,0,0
2020-05-04,Scott,5,63,0,1
2020-05-04,Sherburne,7,61,0,0
2020-05-04,Sibley,0,2,0,0
2020-05-04,Stearns,139,728,2,2
2020-05-04,Steele,3,24,0,0
2020-05-04,St. Louis,4,79,0,11
2020-05-04,Swift,0,2,0,0
2020-05-04,Todd,7,15,0,0
2020-05-04,Traverse,0,2,0,0
2020-05-04,Wabasha,0,10,0,0
2020-05-04,Wadena,1,2,0,0
2020-05-04,Waseca,0,6,0,0
2020-05-04,Washington,6,152,0,12
2020-05-04,Watonwan,1,15,0,0
2020-05-04,Wilkin,0,11,0,3
2020-05-04,Winona,0,67,0,15
2020-05-04,Wright,4,54,0,1
2020-05-04,Yellow Medicine,0,3,0,0
2020-05-05,Aitkin,0,1,0,0
2020-05-05,Anoka,45,344,3,20
2020-05-05,Becker,2,15,0,0
2020-05-05,Beltrami,0,6,0,0
2020-05-05,Benton,13,48,0,1
2020-05-05,Big Stone,0,2,0,0
2020-05-05,Blue Earth,1,51,0,0
2020-05-05,Brown,0,9,0,1
2020-05-05,Carlton,0,60,0,0
2020-05-05,Carver,12,39,0,0
2020-05-05,Cass,0,7,0,0
2020-05-05,Chippewa,0,3,0,0
2020-05-05,Chisago,0,13,0,1
2020-05-05,Clay,11,201,1,14
2020-05-05,Clearwater,0,2,0,0
2020-05-05,Cottonwood,4,41,0,0
2020-05-05,Crow Wing,0,21,0,1
2020-05-05,Dakota,26,241,0,11
2020-05-05,Dodge,0,21,0,0
2020-05-05,Douglas,3,10,0,0
2020-05-05,Faribault,0,7,0,0
2020-05-05,Fillmore,-1,12,0,1
2020-05-05,Freeborn,1,37,0,0
2020-05-05,Goodhue,0,23,0,0
2020-05-05,Grant,0,1,0,0
2020-05-05,Hennepin,221,2519,19,303
2020-05-05,Houston,0,1,0,0
2020-05-05,Isanti,0,6,0,0
2020-05-05,Itasca,1,13,0,0
2020-05-05,Jackson,1,25,0,0
2020-05-05,Kanabec,1,2,0,0
2020-05-05,Kandiyohi,12,200,0,1
2020-05-05,Kittson,0,1,0,0
2020-05-05,Koochiching,0,1,0,0
2020-05-05,Lac qui Parle,0,2,0,0
2020-05-05,Le Sueur,0,26,0,0
2020-05-05,Lincoln,0,3,0,0
2020-05-05,Lyon,1,10,0,0
2020-05-05,Mahnomen,0,2,0,0
2020-05-05,Marshall,0,7,0,0
2020-05-05,Martin,2,110,0,4
2020-05-05,McLeod,1,5,0,0
2020-05-05,Meeker,0,17,0,0
2020-05-05,Mille Lacs,1,4,0,1
2020-05-05,Morrison,1,7,0,0
2020-05-05,Mower,1,33,0,0
2020-05-05,Murray,3,20,0,0
2020-05-05,Nicollet,0,16,0,2
2020-05-05,Nobles,58,1069,0,1
2020-05-05,Norman,0,9,0,0
2020-05-05,Olmsted,8,313,0,8
2020-05-05,Otter Tail,1,19,0,0
2020-05-05,Pennington,0,1,0,0
2020-05-05,Pine,0,60,0,0
2020-05-05,Pipestone,0,4,0,0
2020-05-05,Polk,0,42,0,0
2020-05-05,Pope,1,1,0,0
2020-05-05,Ramsey,48,583,3,37
2020-05-05,Red Lake,0,1,0,0
2020-05-05,Redwood,0,3,0,0
2020-05-05,Renville,0,5,0,0
2020-05-05,Rice,6,30,0,1
2020-05-05,Rock,2,18,0,0
2020-05-05,Roseau,0,1,0,0
2020-05-05,Scott,11,74,0,1
2020-05-05,Sherburne,10,71,1,1
2020-05-05,Sibley,0,2,0,0
2020-05-05,Stearns,87,815,0,2
2020-05-05,Steele,1,25,0,0
2020-05-05,St. Louis,2,81,0,11
2020-05-05,Swift,0,2,0,0
2020-05-05,Todd,0,15,0,0
2020-05-05,Traverse,0,2,0,0
2020-05-05,Wabasha,0,10,0,0
2020-05-05,Wadena,1,3,0,0
2020-05-05,Waseca,0,6,0,0
2020-05-05,Washington,10,162,0,12
2020-05-05,Watonwan,0,15,0,0
2020-05-05,Wilkin,0,11,0,3
2020-05-05,Winona,1,68,0,15
2020-05-05,Wright,6,60,0,1
2020-05-05,Yellow Medicine,0,3,0,0
2020-05-06,Aitkin,0,1,0,0
2020-05-06,Anoka,38,382,4,24
2020-05-06,Becker,1,16,0,0
2020-05-06,Beltrami,0,6,0,0
2020-05-06,Benton,11,59,0,1
2020-05-06,Big Stone,0,2,0,0
2020-05-06,Blue Earth,2,53,0,0
2020-05-06,Brown,0,9,0,1
2020-05-06,Carlton,1,61,0,0
2020-05-06,Carver,12,51,0,0
2020-05-06,Cass,0,7,0,0
2020-05-06,Chippewa,1,4,0,0
2020-05-06,Chisago,1,14,0,1
2020-05-06,Clay,14,215,0,14
2020-05-06,Clearwater,0,2,0,0
2020-05-06,Cottonwood,1,42,0,0
2020-05-06,Crow Wing,0,21,0,1
2020-05-06,Dakota,51,292,1,12
2020-05-06,Dodge,0,21,0,0
2020-05-06,Douglas,2,12,0,0
2020-05-06,Faribault,1,8,0,0
2020-05-06,Fillmore,0,12,0,1
2020-05-06,Freeborn,1,38,0,0
2020-05-06,Goodhue,0,23,0,0
2020-05-06,Grant,0,1,0,0
2020-05-06,Hennepin,245,2764,22,325
2020-05-06,Houston,0,1,0,0
2020-05-06,Isanti,1,7,0,0
2020-05-06,Itasca,11,24,0,0
2020-05-06,Jackson,0,25,0,0
2020-05-06,Kanabec,0,2,0,0
2020-05-06,Kandiyohi,11,211,0,1
2020-05-06,Kittson,0,1,0,0
2020-05-06,Koochiching,0,1,0,0
2020-05-06,Lac qui Parle,0,2,0,0
2020-05-06,Le Sueur,0,26,0,0
2020-05-06,Lincoln,0,3,0,0
2020-05-06,Lyon,1,11,0,0
2020-05-06,Mahnomen,0,2,1,1
2020-05-06,Marshall,0,7,0,0
2020-05-06,Martin,1,111,0,4
2020-05-06,McLeod,1,6,0,0
2020-05-06,Meeker,1,18,0,0
2020-05-06,Mille Lacs,1,5,0,1
2020-05-06,Morrison,2,9,0,0
2020-05-06,Mower,2,35,0,0
2020-05-06,Murray,0,20,0,0
2020-05-06,Nicollet,1,17,0,2
2020-05-06,Nobles,13,1082,1,2
2020-05-06,Norman,0,9,0,0
2020-05-06,Olmsted,9,322,0,8
2020-05-06,Otter Tail,0,19,0,0
2020-05-06,Pennington,0,1,0,0
2020-05-06,Pine,1,61,0,0
2020-05-06,Pipestone,0,4,0,0
2020-05-06,Polk,1,43,0,0
2020-05-06,Pope,0,1,0,0
2020-05-06,Ramsey,73,656,1,38
2020-05-06,Red Lake,0,1,0,0
2020-05-06,Redwood,0,3,0,0
2020-05-06,Renville,1,6,0,0
2020-05-06,Rice,0,30,0,1
2020-05-06,Rock,0,18,0,0
2020-05-06,Roseau,0,1,0,0
2020-05-06,Scott,16,90,0,1
2020-05-06,Sherburne,9,80,0,1
2020-05-06,Sibley,0,2,0,0
2020-05-06,Stearns,160,975,1,3
2020-05-06,Steele,4,29,0,0
2020-05-06,St. Louis,5,86,0,11
2020-05-06,Swift,0,2,0,0
2020-05-06,Todd,3,18,0,0
2020-05-06,Traverse,0,2,0,0
2020-05-06,Wabasha,0,10,0,0
2020-05-06,Wadena,0,3,0,0
2020-05-06,Waseca,1,7,0,0
2020-05-06,Washington,19,181,0,12
2020-05-06,Watonwan,0,15,0,0
2020-05-06,Wilkin,0,11,0,3
2020-05-06,Winona,0,68,0,15
2020-05-06,Wright,9,69,0,1
2020-05-06,Yellow Medicine,0,3,0,0
2020-05-07,Aitkin,0,1,0,0
2020-05-07,Anoka,44,426,3,27
2020-05-07,Becker,2,18,0,0
2020-05-07,Beltrami,0,6,0,0
2020-05-07,Benton,5,64,0,1
2020-05-07,Big Stone,0,2,0,0
2020-05-07,Blue Earth,2,55,0,0
2020-05-07,Brown,0,9,0,1
2020-05-07,Carlton,1,62,0,0
2020-05-07,Carver,7,58,0,0
2020-05-07,Cass,0,7,0,0
2020-05-07,Chippewa,1,5,0,0
2020-05-07,Chisago,0,14,0,1
2020-05-07,Clay,7,222,1,15
2020-05-07,Clearwater,0,2,0,0
2020-05-07,Cottonwood,1,43,0,0
2020-05-07,Crow Wing,2,23,0,1
2020-05-07,Dakota,30,322,0,12
2020-05-07,Dodge,0,21,0,0
2020-05-07,Douglas,2,14,0,0
2020-05-07,Faribault,-1,7,0,0
2020-05-07,Fillmore,0,12,0,1
2020-05-07,Freeborn,1,39,0,0
2020-05-07,Goodhue,2,25,0,0
2020-05-07,Grant,0,1,0,0
2020-05-07,Hennepin,198,2962,17,342
2020-05-07,Houston,1,2,0,0
2020-05-07,Isanti,0,7,0,0
2020-05-07,Itasca,0,24,0,0
2020-05-07,Jackson,4,29,0,0
2020-05-07,Kanabec,2,4,0,0
2020-05-07,Kandiyohi,27,238,0,1
2020-05-07,Kittson,0,1,0,0
2020-05-07,Koochiching,0,1,0,0
2020-05-07,Lac qui Parle,0,2,0,0
2020-05-07,Lake,1,1,0,0
2020-05-07,Le Sueur,2,28,0,0
2020-05-07,Lincoln,0,3,0,0
2020-05-07,Lyon,4,15,0,0
2020-05-07,Mahnomen,0,2,0,1
2020-05-07,Marshall,1,8,0,0
2020-05-07,Martin,0,111,0,4
2020-05-07,McLeod,0,6,0,0
2020-05-07,Meeker,0,18,0,0
2020-05-07,Mille Lacs,1,6,0,1
2020-05-07,Morrison,2,11,0,0
2020-05-07,Mower,1,36,0,0
2020-05-07,Murray,5,25,0,0
2020-05-07,Nicollet,1,18,0,2
2020-05-07,Nobles,71,1153,0,2
2020-05-07,Norman,0,9,0,0
2020-05-07,Olmsted,14,336,0,8
2020-05-07,Otter Tail,2,21,0,0
2020-05-07,Pennington,0,1,0,0
2020-05-07,Pine,0,61,0,0
2020-05-07,Pipestone,1,5,0,0
2020-05-07,Polk,0,43,0,0
2020-05-07,Pope,2,3,0,0
2020-05-07,Ramsey,61,717,1,39
2020-05-07,Red Lake,0,1,0,0
2020-05-07,Redwood,0,3,0,0
2020-05-07,Renville,0,6,0,0
2020-05-07,Rice,18,48,0,1
2020-05-07,Rock,1,19,0,0
2020-05-07,Roseau,0,1,0,0
2020-05-07,Scott,10,100,0,1
2020-05-07,Sherburne,8,88,0,1
2020-05-07,Sibley,0,2,0,0
2020-05-07,Stearns,186,1161,1,4
2020-05-07,Steele,8,37,0,0
2020-05-07,Stevens,1,1,0,0
2020-05-07,St. Louis,3,89,0,11
2020-05-07,Swift,0,2,0,0
2020-05-07,Todd,8,26,0,0
2020-05-07,Traverse,0,2,0,0
2020-05-07,Wabasha,2,12,0,0
2020-05-07,Wadena,1,4,0,0
2020-05-07,Waseca,5,12,0,0
2020-05-07,Washington,12,193,0,12
2020-05-07,Watonwan,3,18,0,0
2020-05-07,Wilkin,0,11,0,3
2020-05-07,Winona,0,68,0,15
2020-05-07,Wright,4,73,0,1
2020-05-07,Yellow Medicine,0,3,0,0
2020-05-08,Aitkin,1,2,0,0
2020-05-08,Anoka,51,477,0,27
2020-05-08,Becker,4,22,0,0
2020-05-08,Beltrami,0,6,0,0
2020-05-08,Benton,12,76,1,2
2020-05-08,Big Stone,0,2,0,0
2020-05-08,Blue Earth,0,55,0,0
2020-05-08,Brown,0,9,0,1
2020-05-08,Carlton,2,64,0,0
2020-05-08,Carver,11,69,0,0
2020-05-08,Cass,0,7,0,0
2020-05-08,Chippewa,0,5,0,0
2020-05-08,Chisago,4,18,0,1
2020-05-08,Clay,7,229,0,15
2020-05-08,Clearwater,0,2,0,0
2020-05-08,Cottonwood,0,43,0,0
2020-05-08,Crow Wing,1,24,0,1
2020-05-08,Dakota,42,364,0,12
2020-05-08,Dodge,3,24,0,0
2020-05-08,Douglas,1,15,0,0
2020-05-08,Faribault,0,7,0,0
2020-05-08,Fillmore,0,12,0,1
2020-05-08,Freeborn,2,41,0,0
2020-05-08,Goodhue,0,25,0,0
2020-05-08,Grant,1,2,0,0
2020-05-08,Hennepin,191,3153,20,362
2020-05-08,Houston,0,2,0,0
2020-05-08,Isanti,0,7,0,0
2020-05-08,Itasca,0,24,0,0
2020-05-08,Jackson,0,29,0,0
2020-05-08,Kanabec,1,5,0,0
2020-05-08,Kandiyohi,23,261,0,1
2020-05-08,Kittson,0,1,0,0
2020-05-08,Koochiching,0,1,0,0
2020-05-08,Lac qui Parle,0,2,0,0
2020-05-08,Lake,0,1,0,0
2020-05-08,Le Sueur,0,28,0,0
2020-05-08,Lincoln,0,3,0,0
2020-05-08,Lyon,1,16,0,0
2020-05-08,Mahnomen,0,2,0,1
2020-05-08,Marshall,0,8,0,0
2020-05-08,Martin,0,111,0,4
2020-05-08,McLeod,2,8,0,0
2020-05-08,Meeker,2,20,0,0
2020-05-08,Mille Lacs,0,6,0,1
2020-05-08,Morrison,1,12,0,0
2020-05-08,Mower,1,37,0,0
2020-05-08,Murray,1,26,0,0
2020-05-08,Nicollet,0,18,0,2
2020-05-08,Nobles,24,1177,0,2
2020-05-08,Norman,0,9,0,0
2020-05-08,Olmsted,15,351,1,9
2020-05-08,Otter Tail,0,21,0,0
2020-05-08,Pennington,0,1,0,0
2020-05-08,Pine,0,61,0,0
2020-05-08,Pipestone,1,6,0,0
2020-05-08,Polk,2,45,0,0
2020-05-08,Pope,2,5,0,0
2020-05-08,Ramsey,83,800,3,42
2020-05-08,Red Lake,0,1,0,0
2020-05-08,Redwood,0,3,0,0
2020-05-08,Renville,0,6,0,0
2020-05-08,Rice,33,81,0,1
2020-05-08,Rock,0,19,0,0
2020-05-08,Roseau,0,1,0,0
2020-05-08,Scott,21,121,0,1
2020-05-08,Sherburne,7,95,0,1
2020-05-08,Sibley,1,3,0,0
2020-05-08,Stearns,113,1274,0,4
2020-05-08,Steele,8,45,0,0
2020-05-08,Stevens,0,1,0,0
2020-05-08,St. Louis,1,90,1,12
2020-05-08,Swift,1,3,0,0
2020-05-08,Todd,3,29,0,0
2020-05-08,Traverse,1,3,0,0
2020-05-08,Wabasha,1,13,0,0
2020-05-08,Wadena,0,4,0,0
2020-05-08,Waseca,1,13,0,0
2020-05-08,Washington,18,211,0,12
2020-05-08,Watonwan,1,19,0,0
2020-05-08,Wilkin,0,11,0,3
2020-05-08,Winona,0,68,0,15
2020-05-08,Wright,10,83,0,1
2020-05-08,Yellow Medicine,0,3,0,0
2020-05-09,Aitkin,0,2,0,0
2020-05-09,Anoka,41,518,2,29
2020-05-09,Becker,3,25,0,0
2020-05-09,Beltrami,0,6,0,0
2020-05-09,Benton,11,87,0,2
2020-05-09,Big Stone,0,2,0,0
2020-05-09,Blue Earth,9,64,0,0
2020-05-09,Brown,0,9,0,1
2020-05-09,Carlton,0,64,0,0
2020-05-09,Carver,9,78,1,1
2020-05-09,Cass,1,8,0,0
2020-05-09,Chippewa,0,5,0,0
2020-05-09,Chisago,1,19,0,1
2020-05-09,Clay,4,233,1,16
2020-05-09,Clearwater,0,2,0,0
2020-05-09,Cottonwood,2,45,0,0
2020-05-09,Crow Wing,0,24,0,1
2020-05-09,Dakota,44,408,3,15
2020-05-09,Dodge,0,24,0,0
2020-05-09,Douglas,0,15,0,0
2020-05-09,Faribault,3,10,0,0
2020-05-09,Fillmore,0,12,0,1
2020-05-09,Freeborn,2,43,0,0
2020-05-09,Goodhue,0,25,0,0
2020-05-09,Grant,0,2,0,0
2020-05-09,Hennepin,226,3379,12,374
2020-05-09,Houston,0,2,0,0
2020-05-09,Isanti,0,7,0,0
2020-05-09,Itasca,1,25,0,0
2020-05-09,Jackson,2,31,0,0
2020-05-09,Kanabec,4,9,0,0
2020-05-09,Kandiyohi,15,276,0,1
2020-05-09,Kittson,0,1,0,0
2020-05-09,Koochiching,0,1,0,0
2020-05-09,Lac qui Parle,0,2,0,0
2020-05-09,Lake,0,1,0,0
2020-05-09,Le Sueur,0,28,0,0
2020-05-09,Lincoln,0,3,0,0
2020-05-09,Lyon,1,17,0,0
2020-05-09,Mahnomen,0,2,0,1
2020-05-09,Marshall,0,8,0,0
2020-05-09,Martin,1,112,0,4
2020-05-09,McLeod,0,8,0,0
2020-05-09,Meeker,1,21,0,0
2020-05-09,Mille Lacs,1,7,0,1
2020-05-09,Morrison,1,13,0,0
2020-05-09,Mower,5,42,0,0
2020-05-09,Murray,1,27,0,0
2020-05-09,Nicollet,3,21,0,2
2020-05-09,Nobles,53,1230,0,2
2020-05-09,Norman,0,9,0,0
2020-05-09,Olmsted,12,363,0,9
2020-05-09,Otter Tail,2,23,0,0
2020-05-09,Pennington,0,1,0,0
2020-05-09,Pine,8,69,0,0
2020-05-09,Pipestone,1,7,0,0
2020-05-09,Polk,3,48,1,1
2020-05-09,Pope,0,5,0,0
2020-05-09,Ramsey,75,875,1,43
2020-05-09,Red Lake,0,1,0,0
2020-05-09,Redwood,0,3,0,0
2020-05-09,Renville,0,6,0,0
2020-05-09,Rice,21,102,0,1
2020-05-09,Rock,0,19,0,0
2020-05-09,Roseau,0,1,0,0
2020-05-09,Scott,8,129,0,1
2020-05-09,Sherburne,12,107,0,1
2020-05-09,Sibley,0,3,0,0
2020-05-09,Stearns,74,1348,1,5
2020-05-09,Steele,13,58,0,0
2020-05-09,Stevens,0,1,0,0
2020-05-09,St. Louis,1,91,0,12
2020-05-09,Swift,0,3,0,0
2020-05-09,Todd,4,33,0,0
2020-05-09,Traverse,0,3,0,0
2020-05-09,Wabasha,0,13,0,0
2020-05-09,Wadena,0,4,0,0
2020-05-09,Waseca,3,16,0,0
2020-05-09,Washington,20,231,2,14
2020-05-09,Watonwan,3,22,0,0
2020-05-09,Wilkin,0,11,0,3
2020-05-09,Winona,2,70,0,15
2020-05-09,Wright,9,92,0,1
2020-05-09,Yellow Medicine,0,3,0,0
